あるも薬局山吹町店　薬局共創未来,東京都新宿区山吹町334 セブンファイブビル,iD
ドミノ・ピザ　江戸川橋店,東京都新宿区山吹町335鈴木ビル,iD
写真屋さん45 ACCEA早稲田店,東京都新宿区山吹町291-1,iD
喜作,東京都文京区関口1丁目7-2,iD
ナナガツ,東京都文京区関口1-5-6-B,iD
ローソン神楽坂駅北店,東京都新宿区赤城元町2-1,iD
Souris!,東京都文京区関口1-3-6 大林ビル1F,iD
ブォングスタイオ BAR 江戸川橋店,東京都文京区関口1-9-12 TUCASASEKIGUCHI,iD
あわや食堂,東京都新宿区早稲田鶴巻町５４４－９杉山ビル,iD
ファミリーマート新宿山吹町店,東京都新宿区山吹町352番22 グローサユウ新宿,iD
バーバーウテナ,東京都新宿区早稲田鶴巻町140 山崎ビル1F,iD
DogSalonZero,東京都新宿区早稲田鶴巻町566 山口ビル1階,iD
セブン‐イレブン早稲田店,東京都新宿区早稲田鶴巻町521,iD
奏す庵,東京都新宿区早稲田鶴巻町555 鶴屋ビル1階,iD
マルミヤ,東京都新宿区早稲田鶴巻町555,iD
あわや食堂,東京都新宿区早稲田鶴巻町544-9 杉山ビル,iD
ファミリーマート早稲田鶴巻町店,東京都新宿区早稲田鶴巻町519,iD
セブンイレブン 文京関口1丁目店,東京都文京区関口1-29-3,iD
DogSalonZero,東京都新宿区早稲田鶴巻町566 山口ビル1階,iD
Hi-vo総合整体サロン,東京都新宿区早稲田町74 早稲田駅前ビル301,iD
BOOKOFF 早稲田駅前店,東京都新宿区早稲田町74 中村ビル,iD
セブンイレブン 新宿早稲田高校前店,東京都新宿区早稲田町70-1,iD
早苗,東京都新宿区戸塚町1-102,iD
早稲田メンタルクリニック,東京都新宿区早稲田町69-4 ウエステール早稲田,iD
廿四味,東京都新宿区早稲田町12-5 ニュー早稲田ビル,iD
HAIR MAKE Lu-bo,東京都新宿区喜久井町5-6,iD
吉野家早稲田駅前,東京都新宿区馬場下町5-1,iD
ヘアーランジコーン,東京都新宿区馬場下町62-19 武蔵野ビル2F,iD
ドコモショップ早稲田店,東京都新宿区西早稲田1-1-18 タキミハウス西早稲田1,iD
北海道おはぎ よしかわ,東京都新宿区西早稲田2-1-7,iD
喫茶　タビビトの木,東京都新宿区西早稲田2-1-2 ハイツ森川101,iD
Fuji-com,東京都新宿区水道町1-23 石川ビル2-2,iD
ダイシャリン 江戸川橋店,東京都新宿区西五軒町9-2,iD
CoCo壱番屋 東京メトロ江戸川橋駅前店,東京都文京区関口1丁目47-12 江戸川橋ビル1F,iD
すし三崎港 江戸川橋,東京都文京区関口1丁目47番地12号,iD
たんぽぽ薬局,東京都文京区関口1丁目19-6 弥助ビル4階,iD
とんかつ新宿さぼてん saboten DELI江戸,東京都文京区関口1丁目1-4,iD
CC神楽坂,東京都新宿区水道町1-32 スコープ第2ビル401,iD
ページボーイ,東京都新宿区築地町6,iD
福田治療室,東京都新宿区改代町1 ヴィラ壱番館102,iD
江戸川橋 加賀廣,東京都新宿区水道町2-2,iD
カップス神楽坂,東京都新宿区矢来町112番地 神楽坂ホワイトコート108,iD
江戸川橋ほたる薬局,東京都文京区関口1-1-6 新星ビル5階,iD