スタジオ・フォトアルチザン,東京都新宿区大久保2丁目11-17 砂森ビルB1,PayPay
成文堂 本店,東京都新宿区西早稲田1丁目9-38,PayPay
早大生協 理工店,東京都新宿区戸山1丁目24-1,PayPay
TAION,東京都新宿区新宿3丁目30-13,PayPay
セブンイレブン 高田馬場小滝橋店,東京都新宿区高田馬場4丁目40-13,PayPay
西友 高田馬場店,東京都新宿区高田馬場3丁目3-8,PayPay
とめ手羽 新宿店,東京都新宿区新宿5丁目18-20 ルックハイツ新宿 2F,PayPay
とらのあな 新宿店A,東京都新宿区西新宿1丁目18-1 小川ビル 6F,PayPay
セブンイレブン 西新宿NTTビル店,東京都新宿区西新宿1丁目22-14,PayPay
Nail Salon Deansgate 新宿西口店,東京都新宿区西新宿1丁目14-10 西新宿ビル6F,PayPay
ハオ中国語アカデミー 飯田橋校,東京都新宿区下宮比町1-1 相沢ビル 4F,PayPay
博多とりかわ長政四ッ谷店はなれ,東京都新宿区四谷1丁目20-1 1F,PayPay
BAR SALT,東京都新宿区神楽坂4丁目2-30,PayPay
HYSTERICGLAMOUR ルミネ新宿,東京都新宿区新宿3丁目38-1,PayPay
hurakoko kagurazaka,東京都新宿区矢来町115 東海神楽坂マンション 204,PayPay
ヘア ジング zing,東京都新宿区高田馬場1丁目28-3 工新ビルディング 1F,PayPay
ベローチェ新宿三丁目店,東京都新宿区新宿3-1-26 新宿イーストビル B1,PayPay
ホビーランドぽち 新宿店,東京都新宿区西新宿1丁目15-6,PayPay
誠眼鏡店 新宿,東京都新宿区西新宿7丁目11-15,PayPay
やきとり家すみれ 高田馬場店,東京都新宿区高田馬場3丁目5-4 ウィステリア高田馬場 1F,PayPay
LiveSpace早稲田RiNen,東京都新宿区早稲田町74 早稲田オアシスビル B1,PayPay
LARGO,東京都新宿区新宿2丁目4-2,PayPay
理科大生協 購買部(TUO),東京都新宿区神楽坂1-3,PayPay
龍公亭 菓子製造,東京都新宿区神楽坂3-5,PayPay
リングギターズ,東京都新宿区四谷3丁目1 ミカドビル 4F,PayPay
roof top bar G,東京都新宿区歌舞伎町2丁目14-5 新宿グランベルホテル 13F,PayPay
Leo LOUNGE TOKYO,東京都新宿区新宿2丁目14-16 タラクビル 2階,PayPay
ROYAL eyelash,東京都新宿区西新宿1丁目18-4 共新ビル 4階,PayPay
Rollant ローラン,東京都新宿区住吉町8-27 塩谷ビル2階,PayPay
ワカマツ薬局,東京都新宿区若松町24-10 駐車場 シャンベール若松町,PayPay
韓国家庭料理 王家,東京都新宿区北新宿1丁目6-18 茶房 椿,PayPay
WANSIE,東京都新宿区新宿5丁目11-25 ビル102/201/202 アソルティ新宿5丁目,PayPay
ARTY FARTY,東京都新宿区新宿2丁目11-7 第33宮庭ビル 2階,PayPay
アイマジック 新宿2号店,東京都新宿区新宿3丁目20-5 新光第2ビル 5F/2F,PayPay
アタマファクトリー 新宿店,東京都新宿区西新宿1丁目5-12 新宿ニューセントラルビル 7階,PayPay
伊良コーラ,東京都新宿区高田馬場3丁目44-2,PayPay
インタレスト,東京都新宿区袋町2 鈴木ビル 1-A,PayPay
Via・Monte,東京都新宿区新宿1丁目1-5 サカエ御苑マンション301,PayPay
エスカイヤクラブ 新宿文化ビル店,東京都新宿区新宿3丁目13-2 Bunka Bldg 8F,PayPay
大木屋 市ヶ谷店,東京都新宿区市谷砂土原町3-2-1 市ケ谷フラッツ B1F,PayPay
大久保の大衆酒場 峰,東京都新宿区百人町1丁目24-11,PayPay
カギの救急車 新宿店,東京都新宿区西新宿6丁目26-9,PayPay
セブンイレブン 歌舞伎町2丁目店,東京都新宿区歌舞伎町2丁目19,PayPay
カラオケパセラ 新宿靖国通り,東京都新宿区歌舞伎町1丁目16-2 パセラリゾーツ新宿靖国通り店1F,PayPay
牛角 高田馬場店,東京都新宿区高田馬場3丁目2-14 1F,PayPay
Coo＆RIKU 新宿3丁目店,東京都新宿区新宿3丁目1-30,PayPay
sawan 神楽坂店,東京都新宿区神楽坂3丁目2 鳥忠ビル 3F,PayPay
Shinjuku club SCIENCE,東京都新宿区歌舞伎町2丁目25-6 B1,PayPay
新宿 瀬里奈,東京都新宿区西新宿2-6 新宿住友ビル 52F,PayPay
手裏剣道場 新宿忍者からくり屋敷,東京都新宿区歌舞伎町2丁目28-13 第一和幸ビル 4F,PayPay
セブンイレブン 新宿東五軒町店,東京都新宿区東五軒町3-5,PayPay
新珠堂,東京都新宿区百人町1丁目10-10 B1F 新大久保KMビル,PayPay
StudioRAAR,東京都新宿区新宿5丁目18-12,PayPay
スパイスヘブン,東京都新宿区西新宿3丁目7-1 新宿パークタワー B1F,PayPay
Cerca,東京都新宿区高田馬場4丁目2-31 2F,PayPay
台湾料理 味王 小酒舘,東京都新宿区新宿3丁目36-18 三協ビル3F,PayPay
テラフィあけぼの橋,東京都新宿区住吉町8-6 ノムラビルディング 1F,PayPay
TOKYO BABE 新宿東口店,東京都新宿区歌舞伎町1丁目14-6,PayPay
NASUKONSHA,東京都新宿区築地町19 小野ビル 1F,PayPay
セブンイレブン 西早稲田1丁目店,東京都新宿区西早稲田1丁目9-21,PayPay
ハッピークローバー,東京都新宿区荒木町20-2 タウンヴィラ摂津,PayPay
バトゥールTOKYO,東京都新宿区歌舞伎町2丁目4-10 KDX東新宿ビル 1F,PayPay
花園電気商会,東京都新宿区新宿1丁目17-16,PayPay
BARBERオガタ,東京都新宿区大久保2丁目6-10,PayPay
雛鮨 新宿マルイ,東京都新宿区新宿3丁目1-26 マルイアネックス 8F,PayPay
FEAT.,東京都新宿区高田馬場3丁目10-3 丸安ビル 1F,PayPay
ふしきの,東京都新宿区神楽坂4丁目3-11 神楽坂つなしょうテラス 2階,PayPay
伏見圭税理士事務所,東京都新宿区高田馬場4-17-15 東陽ビルディング512,PayPay
プティバリ 東新宿,東京都新宿区歌舞伎町2丁目5-1,PayPay
新宿プレジャーズ,東京都新宿区新宿3丁目30-11 新宿高野第2ビル 3F,PayPay
Bellpha,東京都新宿区市谷薬王寺町78 KYビル B1,PayPay
ベローチェ 飯田橋駅東口店,東京都新宿区揚場町1-21 飯田橋升本ビル 1F,PayPay
ベローチェ 西早稲田店,東京都新宿区西早稲田2丁目21-16,PayPay
ホテルバリアンリゾート 新宿アイランド,東京都新宿区歌舞伎町2丁目22-10,PayPay
焼肉神戸屋,東京都新宿区新宿2丁目15-28 新宿丸正ビル 2F,PayPay
やまどうぐレンタル屋新宿店,東京都新宿区西新宿1丁目13-7 大和屋ビル 6F,PayPay
有限会社アートビデオ企画,東京都新宿区新宿1丁目9-10 YKB 東 3F,PayPay
マツオカ 伊勢丹新宿本店,東京都新宿区新宿3丁目14-1 伊勢丹新宿店 B1,PayPay
リアット! 大久保二丁目店,東京都新宿区大久保2丁目6-1,PayPay
リアット! 新宿御苑店,東京都新宿区新宿2丁目9-1 1F 103号室 第31宮庭マンション,PayPay
株式会社リクレイムドワークス,東京都新宿区築地町13 赤城商事赤城ビル 401,PayPay
リモアネイル,東京都新宿区四谷3-8 萬寿ビル3階,PayPay
restaurant,東京都新宿区歌舞伎町2丁目14-5 新宿グランベルホテル 12FG,PayPay
わせだ動物病院,東京都新宿区早稲田鶴巻町110,PayPay
アーティストフォトスタジオ,東京都新宿区新宿5丁目4-1 新宿Qフラットビル B3,PayPay
AiSOTOPE LOUNGE,東京都新宿区新宿2丁目12-16 セントフォービル 1F,PayPay
アイラッシュモア,東京都新宿区西新宿７-2-7 豊ビル5F,PayPay
出光アクア新宿SS,東京都新宿区大久保2丁目3-4,PayPay
アジアンキッチン＆Bar Green,東京都新宿区四谷1-23 上野KGビル2F,PayPay
ASTRO,東京都新宿区西早稲田3丁目10-5,PayPay
アンテンドゥ 四谷三丁目店,東京都新宿区四谷3丁目7-6,PayPay
魚辰,東京都新宿区納戸町15 魚辰ビル,PayPay
ウルトラチョップ神楽坂,東京都新宿区神楽坂5-30,PayPay
エスカイヤクラブ 新宿住友ビル,東京都新宿区西新宿2丁目6-1 新宿住友ビルディング 2F,PayPay
大阪家,東京都新宿区歌舞伎町1丁目17-12 浅川ビル B1F,PayPay
おからだ整備処DOCK,東京都新宿区高田馬場1丁目28-6 清光ハイム 704号室,PayPay
オステリアルマーカ,東京都新宿区舟町7-46 Land Den 舟町 2階,PayPay
カオタイ 高田馬場,東京都新宿区高田馬場2丁目14-6 荒井ビル B1F,PayPay
神楽坂ワインハウス バイザグラス,東京都新宿区赤城下町11-1,PayPay
鈴木旗店,東京都新宿区新宿1丁目6-8,PayPay
株式会社ソリッドグラフィックス,東京都新宿区弁天町30 早稲田長谷川ビル 3階,PayPay
株式会社ルナーヴァ,東京都新宿区西新宿8丁目11-10 星野ビル 3F,PayPay
紀州屋,東京都新宿区西新宿1丁目18-1 紀州屋,PayPay
キッチンどろまみれ,東京都新宿区荒木町20 ヤカタビル 1階,PayPay
Kuukan,東京都新宿区西新宿7丁目22-31 BF 柏木 MURA,PayPay
GLITTER,東京都新宿区歌舞伎町2丁目22-13 ADビル B1,PayPay
甲隆閣,東京都新宿区百人町2丁目23-48 シティホテル甲隆閣,PayPay
心とカラダの健康コンサルサロン,東京都新宿区新宿1丁目28-9 6F,PayPay
コリーナピッコラ,東京都新宿区原町3-37 サンワードビル 1F,PayPay
Gentleman,東京都新宿区新宿5丁目10-19,PayPay
篠原電気,東京都新宿区神楽坂6丁目6,PayPay
シャノアール 早稲田店,東京都新宿区馬場下町62-22,PayPay
翔印堂,東京都新宿区新宿5丁目8-21 木下ビル 1F,PayPay
新宿アントレサロン,東京都新宿区新宿2丁目12-13 新宿アントレサロンビル 2F,PayPay
セブンイレブン 新宿落合駅前店,東京都新宿区上落合3丁目8-27,PayPay
セブンイレブン 新宿下落合駅北店,東京都新宿区下落合1丁目15-15,PayPay
セブンイレブン 新宿新大久保駅前店,東京都新宿区百人町1丁目6-18,PayPay
セブンイレブン 新宿2丁目新宿通り店,東京都新宿区新宿2丁目6-4,PayPay
鮨 笹屋,東京都新宿区早稲田鶴巻町560 笹屋 1F,PayPay
Sumiya 新宿,東京都新宿区新宿3丁目22-11 RSビル 地下 一階,PayPay
早大生協 トラベルセンター,東京都新宿区西早稲田1丁目6 早稲田大学体育館,PayPay
Grilled Meat Bal Taiju,東京都新宿区西新宿8丁目1-7 M's Garden 西新宿 1F,PayPay
第二宝来家,東京都新宿区西新宿1丁目2-5,PayPay
セブンイレブン 高田馬場3丁目中央店,東京都新宿区高田馬場3丁目18-10,PayPay
チーズフォンデュ 安藤ファーム,東京都新宿区歌舞伎町1丁目6-13 良川ビルⅦ 2階,PayPay
Tea＆Bar CLO2,東京都新宿区高田馬場2丁目15-9 鈴や第5ビル 102,PayPay
ティーヌン 西早稲田本店,東京都新宿区西早稲田2丁目18-25 横川ビル 1F,PayPay
鉄板酒場大久保ベース,東京都新宿区百人町1丁目24-8 新宿タウンプラザ 1F,PayPay
ドッグスタジオ ラブワン 新宿市谷,東京都新宿区余丁町5-7,PayPay
魚魚家,東京都新宿区歌舞伎町1丁目11-6 第一ビル ロイヤル,PayPay
とんかつにいむら 本店,東京都新宿区歌舞伎町1丁目23-10,PayPay
ノーブル薬舗,東京都新宿区若松町6-11,PayPay
バー レモネード,東京都新宿区荒木町21-26,PayPay
Bar 夜兎,東京都新宿区歌舞伎町1丁目12-5 チェリービル 2F,PayPay
ビストロ ラブドッグ,東京都新宿区大久保1丁目8-8,PayPay
fargie,東京都新宿区歌舞伎町2丁目45-1 第5ライデンビル3Fnail,PayPay
petit Resort,東京都新宿区百人町1丁目6-7,PayPay
プロジェクト・エス,東京都新宿区四谷4丁目8,PayPay
bench 高田馬場店,東京都新宿区高田馬場2丁目16-3 柏ビル 4F,PayPay
メディアチューンズ,東京都新宿区新宿1丁目7-10 グランドメゾン新宿御苑1001,PayPay
もんじゃや 新宿東南口店,東京都新宿区新宿3丁目36-2 新宿キリンビル 2F,PayPay
楽楽旅行,東京都新宿区高田馬場2丁目19-7,PayPay
ラビチュード,東京都新宿区南山伏町3-5 ウインコート神楽坂1F,PayPay
Laranje cafe,東京都新宿区新宿3丁目15-17 伊勢丹会館 1F,PayPay
LISCIA,東京都新宿区新宿5丁目6-2 神谷ビル 502,PayPay
One's House,東京都新宿区西新宿6丁目2-3,PayPay
アジアンキッチン 新宿NSビル,東京都新宿区西新宿2丁目4-1,PayPay
ASTRO DESIGN OF HAIR,東京都新宿区高田馬場4丁目9-18 S･Sビル 1F,PayPay
ARTEFACT,東京都新宿区河田町11-3 井上ビル1F,PayPay
アンジェラ,東京都新宿区岩戸町23,PayPay
い寿み,東京都新宿区四谷1-3 津嶋ビル 3階,PayPay
いずみ法律事務所,東京都新宿区新宿1-36-1 東京136ビル 3F,PayPay
一般社団法人たすけ愛,東京都新宿区新宿2丁目12-13 新宿アントレサロンビル3階,PayPay
上原タカシ写真事務所,東京都新宿区四谷1丁目18-4 フランセビル 5F,PayPay
歌広場 新宿区役所前店,東京都新宿区歌舞伎町1丁目2-2 歌舞伎町ビル 1階 エイチ・エフ,PayPay
エイジング ビーフ TOKYO,東京都新宿区新宿3丁目5-4 レインボービレッジビル 6F,PayPay
エリートフィットネス,東京都新宿区大久保1丁目1-49 タキカワ大久保ビル3階,PayPay
王ろじ,東京都新宿区新宿3丁目17-21,PayPay
おさかな食道 いろ川,東京都新宿区高田馬場1丁目26-5 地下1階 FIビル,PayPay
四谷恒産,東京都新宿区新宿1丁目3-8,PayPay
貝と地酒専門 かいのみ,東京都新宿区四谷1丁目19-16 第一上野ビル 2F,PayPay
カフェ エニシダ,東京都新宿区北新宿4丁目28-11 ハピネス大町1F,PayPay
クイーンズロード,東京都新宿区新宿3丁目1-24 京王新宿三丁目ビル7階,PayPay
カンターレ・ノンダーレ,東京都新宿区歌舞伎町1-4-12,PayPay
GALLERY・2 新宿店6F,東京都新宿区新宿3丁目15-11 4・5・6F アドホックビル,PayPay
Coo＆RIKU大久保店,東京都新宿区百人町1丁目18-11,PayPay
gladspace,東京都新宿区四谷3-8-1 メゾン･メトロビル 6F,PayPay
グリアンテ,東京都新宿区新宿3丁目27-10 武蔵野ビル 5F,PayPay
合資会社四谷無三四堂,東京都新宿区西新宿2丁目4-1,PayPay
16's,東京都新宿区大久保2丁目8-16,PayPay
シティホテルロンスター,東京都新宿区新宿5丁目8-10,PayPay
Sucre,東京都新宿区新宿3丁目3-9 伍名館 204,PayPay
Shot Bar Hies,東京都新宿区新宿5丁目10-2 KKビル 1F,PayPay
セブンイレブン 新宿市谷台町店,東京都新宿区市谷台町3-1,PayPay
セブンイレブン 新宿上落合3丁目山手通り店,東京都新宿区上落合3丁目5-1,PayPay
セブンイレブン 新宿余丁町店,東京都新宿区余丁町10-10,PayPay
SKINGARDEN,東京都新宿区百人町2丁目1-2,PayPay
鮨處 八千代 牛込店,東京都新宿区市谷柳町24-1-2,PayPay
鈴木法務事務所,東京都新宿区西新宿7丁目1-7,PayPay
studioworcle shinjuku,東京都新宿区西新宿7丁目16-7 第21フジビル,PayPay
SLEEPINGTOKYO,東京都新宿区富久町16-9 御苑フラワーマンション101,PayPay
セブンイレブン 西武新宿店,東京都新宿区歌舞伎町1丁目26-6,PayPay
税理士法人YFPクレア,東京都新宿区四谷4丁目1 細井ビル 6F,PayPay
早大生協 文学部店(TUO),東京都新宿区戸山1丁目24-1,PayPay
ダイバーズサポート ウエザーリポート,東京都新宿区百人町1丁目22-26 シラハマビル 5F,PayPay
TOKI CAFE,東京都新宿区神楽坂2-12,PayPay
高田馬場 しゃぶしゃぶ かがやき,東京都新宿区下落合1丁目6-8 ストークマンション 1F,PayPay
cill,東京都新宿区歌舞伎町1丁目17-7,PayPay
ディミー株式会社,東京都新宿区西新宿1丁目1-6 12SHINJUKU 726,PayPay
有限会社東京堂,東京都新宿区荒木町13-3,PayPay
セブンイレブン 西新宿6丁目店,東京都新宿区西新宿6丁目26-12,PayPay
呑みやふるさと,東京都新宿区西新宿7丁目13-5 SAビル 1階,PayPay
Hanaemi,東京都新宿区神楽坂2丁目12-1,PayPay
博多屋台 ばりちゃん 高田馬場店,東京都新宿区高田馬場2丁目13-6,PayPay
毘沙門せんべい福屋,東京都新宿区神楽坂4-2,PayPay
フォトスタジオビレット,東京都新宿区西新宿5丁目9-3 ライオネスコーポ 2F,PayPay
bona punch ボナパンチ,東京都新宿区新宿3丁目3-7 三慶ビル B1F,PayPay
マベリック鍼灸施術室,東京都新宿区若葉1丁目22-16 アスティー #102,PayPay
パソカレッジ,東京都新宿区高田馬場3丁目3-1 ユニオン駅前ビル2F,PayPay
mielhairest,東京都新宿区西新宿1丁目15-10 西新宿ビル 2F,PayPay
吉田商店,東京都新宿区西新宿1丁目2 吉田商店,PayPay
live cafe G,東京都新宿区歌舞伎町2丁目14-5 新宿グランベルホテル 1F,PayPay
リアット！落合南長崎店,東京都新宿区西落合3丁目1-1,PayPay
理科大生協 購買部,東京都新宿区神楽坂1-3,PayPay
Hair&Make LUK's,東京都新宿区信濃町2番地 キクビル 1F,PayPay
eyelashsalonputton,東京都新宿区歌舞伎町2丁目23-1 風林会館,PayPay
アフリカンレストラン バー esogie,東京都新宿区新宿3丁目11-2 村木ビル 3F,PayPay
石狩川,東京都新宿区西新宿1丁目15-4 第2セイコービル4F,PayPay
ウナポルタ,東京都新宿区矢来町34 PINO神楽坂C,PayPay
栄章 新宿店,東京都新宿区西新宿7丁目22-31,PayPay
エスカイヤクラブ 新宿第一生命ビル店,東京都新宿区新宿3丁目13-2 Bunka Bldg 8F,PayPay
快・決 いい会議室,東京都新宿区歌舞伎町2丁目4-10 KDX東新宿ビル,PayPay
海然,東京都新宿区市谷田町1丁目2 マツシタビル,PayPay
からかうあ,東京都新宿区納戸町16-5,PayPay
Kitchen428 キッチンヨンニッパ,東京都新宿区荒木町7 安藤ビル 1階,PayPay
コーヒーハウス香りや,東京都新宿区西新宿7丁目20-12,PayPay
焼肉大貫,東京都新宿区新宿2丁目18-1 TWO FRONT BLDG 1階,PayPay
牡蠣スター,東京都新宿区新宿1丁目23-5 サンサーラ御苑,PayPay
chezle mak,東京都新宿区荒木町15-3 サンシャトー四谷 2F,PayPay
chouchou,東京都新宿区西新宿7丁目19-15,PayPay
joemi by un ami,東京都新宿区新宿3丁目26-13 新宿中村屋ビル 5F,PayPay
SAVIAN,東京都新宿区歌舞伎町2丁目45-7 石井ビル 5F,PayPay
セブンイレブン新宿大久保駅南口店,東京都新宿区百人町1丁目23-24,PayPay
セブンイレブン新宿下落合1丁目店,東京都新宿区下落合1丁目6-3,PayPay
スクンビットソイ55,東京都新宿区西新宿2丁目1-1,PayPay
生活彩家 新宿京王プラザホテル店,東京都新宿区西新宿2丁目2-1 京王プラザホテル南館 2F,PayPay
生活彩家 新宿パークタワー店,東京都新宿区西新宿3-7-1 新宿パークタワー B1F,PayPay
早大生協 戸山店,東京都新宿区戸山1丁目24-1,PayPay
ソフィア,東京都新宿区早稲田鶴巻町535-9,PayPay
Dione高田馬場店,東京都新宿区高田馬場1丁目17-14 SOUNDSビル 9E,PayPay
トイホビー カネモ,東京都新宿区中落合2丁目1-10,PayPay
東京都作業療法士会,東京都新宿区新宿5丁目4-1 新宿Ｑフラットビル,PayPay
トリノス,東京都新宿区神楽坂6-23 神楽坂太田ビル101,PayPay
並木精肉店,東京都新宿区若葉2丁目12,PayPay
西新宿SS,東京都新宿区西新宿4丁目39-33,PayPay
セブンイレブン 西新宿7丁目店,東京都新宿区西新宿7丁目21-3,PayPay
セブンイレブン 西早稲田1丁目新目白通り店,東京都新宿区西早稲田1丁目23-20,PayPay
セブンイレブン 西早稲田2丁目店,東京都新宿区西早稲田2丁目2-3,PayPay
Barどれすでん,東京都新宿区新宿3丁目22-1-B1,PayPay
博多とりかわ長政西新宿店,東京都新宿区西新宿7丁目9-15,PayPay
BAR blue moon,東京都新宿区高田馬場1丁目17-22,PayPay
Bee新宿,東京都新宿区新宿3丁目18-4 セノビル B1F,PayPay
日がさ雨がさ,東京都新宿区四谷3丁目9-11 四谷シンコービル 7F,PayPay
ビストロ　お野菜と．,東京都新宿区神楽坂6丁目23 ガーデン A棟2階,PayPay
フットワークス,東京都新宿区高田馬場4丁目40-11 ユニゾ高田馬場看山ビル,PayPay
ブリアント 新宿店,東京都新宿区新宿3丁目23-1 都里一ビル 6F,PayPay
ベストメガネコンタクト,東京都新宿区西新宿1丁目7-1 松岡セントラルビル 4階,PayPay
ぽっとで,東京都新宿区新宿3丁目12-2 安室ビル 1F,PayPay
古着処丸実商店,東京都新宿区西早稲田2丁目16-17,PayPay
miel hair,東京都新宿区新宿3丁目20-5,PayPay
MAKE ME,東京都新宿区西新宿1丁目14-17 QueensNSビル5F,PayPay
メロンとロマン,東京都新宿区神楽坂3丁目6-92,PayPay
焼肉戸灯路,東京都新宿区歌舞伎町1丁目18-8 第一モナミビル 4F,PayPay
リアット！神楽坂下店,東京都新宿区神楽坂1丁目12,PayPay
理科大生協 書籍部,東京都新宿区神楽坂1-3,PayPay
RUFA,東京都新宿区若宮町27 コアハイム若宮 101,PayPay
ルクール神楽坂,東京都新宿区新小川町9-5,PayPay
ROBATA幸2nd,東京都新宿区西新宿7丁目15-17 東光ビル 3F,PayPay
ロマーノ ロマーノ,東京都新宿区高田馬場2-14-27 村山ビル,PayPay
早稲田大学生協理工63号館カフェテリア,東京都新宿区大久保3丁目4-1 56号館 B1F,PayPay
青森PR居酒屋 りんごの花,東京都新宿区荒木町11-24 荒木町エーシービル 1F,PayPay
赤いきゃべつ,東京都新宿区荒木町7-1 野崎ビル 1F,PayPay
acoron,東京都新宿区新宿3丁目11-9 花菱ビル 2F,PayPay
アジアンキッチン 新宿住友ビル,東京都新宿区西新宿2丁目6-1 地下1階 B-7区画 新宿住友ビル,PayPay
アトム・スケート,東京都新宿区高田馬場4丁目10-16,PayPay
アルベラータ,東京都新宿区神楽坂3丁目6-6 鶴田ビル 1F,PayPay
歌広場 歌舞伎町ゴジラロード店,東京都新宿区歌舞伎町1丁目17-10 7階,PayPay
Eleanor 新宿,東京都新宿区新宿4丁目4-15,PayPay
on the shore,東京都新宿区早稲田鶴巻町251,PayPay
株式会社インアンドアウト,東京都新宿区四谷4丁目6-10  ビクトリアセンター10F,PayPay
株式会社フジシン,東京都新宿区住吉町8-12,PayPay
カラオケパセラ新宿本店,東京都新宿区歌舞伎町1丁目3-16 パセラリゾーツ新宿本店1F,PayPay
カルナメディカルサポート,東京都新宿区西新宿1丁目3-3 品川ステーションビル 新宿 4F,PayPay
カレーハウスcoco壱番屋 JR目白駅前通店,東京都新宿区下落合3丁目18-2,PayPay
キッチン＆バー台所家,東京都新宿区歌舞伎町2丁目39-3 KMS会館 301,PayPay
紀の善,東京都新宿区神楽坂1丁目12 紀の善ビル,PayPay
クラフトマン・マノー,東京都新宿区横寺町36-14 ソーレ神楽坂,PayPay
K－St．,東京都新宿区歌舞伎町1丁目1-7 ゴールデン街花園五番街,PayPay
セブンイレブン 新大久保駅西店,東京都新宿区百人町1丁目15-21,PayPay
セブンイレブン 新宿上落合3丁目店,東京都新宿区上落合3丁目23-6,PayPay
新宿ネスト,東京都新宿区新宿1丁目18-5 新宿御苑ビル 4階 ネスト,PayPay
一般社団法人日本水素推進機構,東京都新宿区新宿2丁目8-1 新宿 セブン ビル 5F,PayPay
スーパーみらべる 中井店,東京都新宿区上落合3丁目5-16,PayPay
早大生協メガネ・馬場下,東京都新宿区馬場下町62-23,PayPay
早大生協 ライフセンター,東京都新宿区西早稲田1丁目6 早稲田大学体育館,PayPay
ソムオー新大久保店,東京都新宿区百人町1丁目11-24 YSビル 1F,PayPay
TS新宿スタジオ,東京都新宿区大久保2丁目25-8,PayPay
ト－キョウア－ト,東京都新宿区新宿3丁目8-9 平生ビル8F,PayPay
TORANOKO Roasted Coffee&Sweets,東京都新宿区四谷三栄町6-14,PayPay
Bar Vitis,東京都新宿区喜久井町7番地 ANSビル B1F,PayPay
BURG HOLIC,東京都新宿区四谷3丁目3 エスパスコンセールビル 2F,PayPay
bar nocturne,東京都新宿区四谷1-23 上野ビル B1F,PayPay
バービーズインク,東京都新宿区新宿3丁目9-1,PayPay
ハオ 中国語アカデミー 新宿校,東京都新宿区西新宿1丁目12-1 高倉第一ビル 4F,PayPay
原良子美容室,東京都新宿区天神町7,PayPay
バロンリムジンサービス 01,東京都新宿区歌舞伎町2丁目4-10 KDX東新宿ビル 7F,PayPay
韓国語教室ハングルナビ,東京都新宿区百人町1丁目23-2 野田ビル 2F,PayPay
Beach HAIRandMAKE,東京都新宿区天神町77 2F,PayPay
vivo daily stand,東京都新宿区四谷1丁目3-15 小峰ビル 2F,PayPay
HYSTERICGLAMOUR新宿,東京都新宿区新宿3丁目38-1 ルミネエスト新宿 B2F,PayPay
ヒデ美容室,東京都新宿区神楽坂3丁目5 神楽坂センタービル 2F,PayPay
ピノ四谷センター,東京都新宿区四谷2丁目14 白馬ビル 1F,PayPay
FARO,東京都新宿区東榎町4番地,PayPay
ブリアント新宿店,東京都新宿区新宿3丁目23-1 都里一ビル 6F,PayPay
フレッシュネスバーガー新宿御苑,東京都新宿区新宿2丁目3-16 ライオンズマンション 1階,PayPay
フレッシュネスバーガー高田馬場,東京都新宿区高田馬場1丁目17-15,PayPay
フローリストセブン,東京都新宿区余丁町13-2 フローリストセブンビル,PayPay
ヘア・オブ・クレール,東京都新宿区愛住町9-5,PayPay
やきとり にしだ屋 中井店,東京都新宿区上落合2丁目20-3,PayPay
有限会社若草,東京都新宿区下落合2丁目6-15 幹ビル,PayPay
ユニバーサルドラッグ落合店,東京都新宿区上落合3丁目10-1 宮越マンション 1F,PayPay
溶岩焼肉ダイニングbonbori 新宿店,東京都新宿区西新宿1丁目14-16 114 BLDG. 2階,PayPay
セブンイレブン 四谷1丁目店,東京都新宿区四谷1丁目7-12,PayPay
四ツ谷魚一商店,東京都新宿区四谷1-3 1・2・3F M&Mビル,PayPay
朝倉メガネ 四谷本店,東京都新宿区四谷1丁目8 佐伯千成ビル,PayPay
アストリア 新宿小田急エース店,東京都新宿区西新宿1丁目5 西口地下街1号 小田急エース北館西,PayPay
イタ飯バル RICCIO,東京都新宿区高田馬場4丁目9-9 1F&B1F 早稲田予備校13時ホール,PayPay
セブンイレブン 市谷砂土原町店,東京都新宿区市谷砂土原町3丁目4-1,PayPay
早稲田大学生協理工63号館パンショップ,東京都新宿区西早稲田1丁目6 14号館,PayPay
Lounge Cielo Plus,東京都新宿区新宿1丁目4?13 溝呂木第2ビル 9F 90C,PayPay
理科大生協 書籍部,東京都新宿区神楽坂1-3,PayPay
レストラン朱鷺,東京都新宿区四谷本塩町14番1号1F,PayPay
workmedi,東京都新宿区西新宿7丁目7?26 ワコーレ新宿第一ビル 2階,PayPay
有限会社和楽,東京都新宿区百人町1丁目3?3,PayPay
リアット！曙橋店,東京都新宿区住吉町1番11号1F Oskビル,PayPay
リアット！四谷三丁目店,東京都新宿区四谷3丁目10?3 伊勢重ビル 1階,PayPay
Re s cafebar sweets,東京都新宿区大久保3丁目9?5 都営西大久保アパート 1F,PayPay
レストランラトラスフィス,東京都新宿区愛住町2?5,PayPay
和宏美術,東京都新宿区下落合2丁目5?16,PayPay
One’s House,東京都新宿区西新宿6丁目2?3,PayPay
CRUZ BURGERS & CRAFT BEERS,東京都新宿区四谷三栄町15-6 小椋ビル 1F,PayPay d払い
コトカフェ,東京都新宿区新宿5丁目17-6 中田ビル 2F,PayPay d払い
メタルバー GODZ,東京都新宿区歌舞伎町1丁目10-5,PayPay d払い
肴屋 繋,東京都新宿区高田馬場1丁目33-1,PayPay d払い
シュート,東京都新宿区新宿2丁目14-14 第3 藤原ビル 3階,PayPay d払い
ATELIER SUCRE,東京都新宿区新宿3丁目3-9 伍名館 204,PayPay d払い
白くま,東京都新宿区新宿2丁目14-15,PayPay d払い
新宿瀬里奈,東京都新宿区西新宿2-6 新宿住友ビル 52F,PayPay d払い
セブンイレブン 新宿大久保3丁目店,東京都新宿区大久保３丁目２?１２,PayPay d払い
セブンイレブン 新宿筑土八幡町店,東京都新宿区筑土八幡町2-20 Arai-Ya Bldg.,PayPay d払い
炭焼き牛タン酒場 ウシカイ 飯田橋店,東京都新宿区揚場町2-27 MIT飯田橋ビル 3F,PayPay d払い
bistroスルス,東京都新宿区新宿1丁目31-3 地下1F ダイアパレス新宿１丁目,PayPay d払い
Soin-De-Mei,東京都新宿区舟町4-1 メゾン・ド四谷301,PayPay d払い
タヴァサホビーハウス,東京都新宿区百人町2丁目18-8 MKハイツ,PayPay d払い
チェリーボンボン,東京都新宿区新宿7丁目20-10,PayPay d払い
丁子屋塗料㈱,東京都新宿区新宿1丁目36-4 丁子屋ビル,PayPay d払い
TSUTAYA BOOK APARTMENT,東京都新宿区新宿3丁目26-14 新宿ミニムビルⅠ 4F-６F,PayPay d払い
肴屋 繋,東京都新宿区高田馬場1丁目33-1,PayPay d払い
カレー&ダイニングバーTOKYO STYLE CURRY RED CHILI,東京都新宿区信濃町11-4 五十嵐ビル B1F,PayPay d払い
九州名物 とめ手羽 飯田橋店,東京都新宿区揚場町2-27 MIT飯田橋ビル 2F,PayPay d払い
パセラのコワーク東新宿店,東京都新宿区新宿7丁目26-7,PayPay d払い
ビアンカ・エムツー新宿東口店,東京都新宿区新宿3丁目34-13 三経25ビル 9F,PayPay d払い
ひばりクリーニング,東京都新宿区北新宿1丁目36-4,PayPay d払い
富士屋商店,東京都新宿区西新宿6丁目17-10,PayPay d払い
BOOK AND BED TOKYO 新宿,東京都新宿区歌舞伎町1丁目27-5 APMビル 8F,PayPay d払い
サンローズ 住吉町支店,東京都新宿区住吉町8-20,PayPay d払い
ベストメガネコンタクト 新宿西口駅前本店,東京都新宿区西新宿1丁目7-1 松岡セントラルビル 4F,PayPay d払い
シティホテル エヌユーティーエス,東京都新宿区新宿1丁目16-5,PayPay d払い
ホテルバリアンリゾート 東新宿店,東京都新宿区歌舞伎町2丁目19-17,PayPay d払い
ホビーランドぽち 新宿店,東京都新宿区西新宿1丁目15-6,PayPay d払い
ハンドメイドショップ maki×maki ［マキマキ］西早稲田店,東京都新宿区西早稲田3丁目15-1 O・Kビル 1階,PayPay d払い
まつげ家kurun 新宿店,東京都新宿区西新宿7丁目9-15 新宿ダイカンプラザ ビズネス 清田ビル 506 ダイカンプラザビジネス,PayPay d払い
百百,東京都新宿区新宿2丁目11-7 第33宮庭ビル 106,PayPay d払い
森の酒場 隠豚,東京都新宿区西新宿1丁目24-1 エステック情報ビル B2,PayPay d払い
戸灯路(ととろ) 新宿東口店,東京都新宿区歌舞伎町1丁目18-8 第一モナミビル 4F,PayPay d払い
楽蔵 新宿東口店,東京都新宿区新宿3丁目26-2 新宿第二ビル 2F,PayPay d払い
リアット! 西早稲田店,東京都新宿区西早稲田3丁目21-18 Riat! 1F,PayPay d払い
Linio,東京都新宿区市谷台町4-1 ニシオハイツ 1階,PayPay d払い
lucida shinjuku(ルシーダ新宿),東京都新宿区新宿3丁目3-1 3F 龍王堂ビル,PayPay d払い
四谷荒木町 和食と和酒 おがた,東京都新宿区荒木町11?８ アメニティハウス 1階,PayPay d払い
育毛まつげエクステ&まつげパーマ EYE MAJIC【アイマジック】新宿本店 / 2号店,東京都新宿区新宿3丁目20-5 新光第2ビル 5F/2F,PayPay d払い
アトリエピエロ ATELIER PIERROT 新宿店,東京都新宿区新宿3丁目1-26,PayPay d払い
㈱甘栗太郎,東京都新宿区四谷2丁目4,PayPay d払い
イシバシ楽器 新宿店,東京都新宿区新宿3丁目3-2 地下鉄会館ビル,PayPay d払い
創作うどん 一滴八銭屋,東京都新宿区西新宿1丁目15-9 KCビル2階,PayPay d払い
宮した,東京都新宿区神楽坂4丁目2-1,PayPay d払い
【創業融資】株式会社アンチテーゼ,東京都新宿区新宿2丁目1-9 JESCO新宿御苑ビル 501,PayPay d払い
㈱アイエヌジー,東京都新宿区新宿1丁目9,PayPay d払い
㈱錦正社,東京都新宿区早稲田鶴巻町544-6,PayPay d払い
カレーハウスCoCo壱番屋 新宿NSビル店,東京都新宿区西新宿2丁目4-1,PayPay d払い
カレーハウスCoCo壱番屋 新宿早稲田通店,東京都新宿区西早稲田2丁目18-23,PayPay d払い
辛辛(しんしん),東京都新宿区歌舞伎町2丁目14-14 コスモ佐藤 102,PayPay d払い
スポーツショップ GALLERY・2アドホック新宿店,東京都新宿区新宿3丁目15-11 4・5・6F アドホックビル,PayPay d払い
蔵,東京都新宿区百人町1丁目23-21,PayPay d払い
壹番館,東京都新宿区信濃町30,PayPay d払い
ごだいご新宿NSビル店,東京都新宿区西新宿2丁目4-1 新宿NSビル 29F,PayPay d払い
THE FOUR-EYED,東京都新宿区歌舞伎町2丁目8-2 パレドール 1F,PayPay d払い
The Annex,東京都新宿区新宿2丁目14-11,PayPay d払い
GSトレーニング,東京都新宿区西新宿8丁目3-32 102・103 カーメルI,PayPay d払い
下落合整体療術院あぅん,東京都新宿区下落合4丁目21-12,PayPay d払い
セブン-イレブン 十二社店,東京都新宿区西新宿4丁目2-15,PayPay d払い
駿河屋 新宿マルイアネックス店,東京都新宿区新宿3丁目1-26 マルイアネックス 5F,PayPay d払い
スタイリクス新宿店,東京都新宿区新宿3丁目17-5 T&TIIIビル 6F,PayPay d払い
スタジオインディ 新宿店,東京都新宿区新宿3丁目22番11号 新宿RSビル 6階,PayPay d払い
E-STRETCH GYMイーストレッチジム新宿,東京都新宿区西新宿1丁目19-12 鮎沢ビル 6F,PayPay d払い
【炭火串焼 鶏次】 中井 焼鳥 居酒屋,東京都新宿区中落合1丁目17-3,PayPay d払い
焼肉多文,東京都新宿区神楽坂6丁目65,PayPay d払い
㈱竹宝商会,東京都新宿区高田馬場1丁目28-10 三慶ビル,PayPay d払い
鉄板焼き 濱 新宿店,東京都新宿区歌舞伎町1丁目14-3 第103東京ビル 7F,PayPay d払い
東京コンテンツプロデューサーズ・ラボ株式会社,東京都新宿区下落合1丁目1-8 東京アニメーションカレッジ専門,PayPay d払い
土佐屋,東京都新宿区西落合2丁目6-4 土佐屋豆腐店,PayPay d払い
コミックとらのあな 新宿店A,東京都新宿区西新宿1丁目18-1 小川ビル 6F,PayPay d払い
ＲＯＣＣＯ,東京都新宿区市谷薬王寺町70-101,PayPay d払い
nano,東京都新宿区西新宿5丁目10-14 B1,PayPay d払い
セブンイレブン 西新宿1丁目西店,東京都新宿区西新宿1丁目14-15,PayPay d払い
NENOi(ネノイ),東京都新宿区西早稲田2丁目4-26 西早稲田マンション 103,PayPay d払い
焙煎工場 さかいち,東京都新宿区戸塚町1丁目104,PayPay d払い
八竹ビル,東京都新宿区四谷3丁目11-3,PayPay d払い
花善商店,東京都新宿区北新宿1丁目2-15,PayPay d払い
ハルコロ,東京都新宿区百人町1丁目10-1,PayPay d払い
ビアンカアイズ＆ネイルズ 新宿西口店,東京都新宿区西新宿7丁目10-16 千徳ビル 8F,PayPay d払い
Healing Place,東京都新宿区新宿1丁目24-7 ルネ御苑プラザ 401,PayPay d払い
ヒステリックグラマー,東京都新宿区新宿3丁目14-1,PayPay d払い
パソコンスクール ビットラボラトリ,東京都新宿区四谷4丁目27-13 浜野ビル 2階,PayPay d払い
（株）ヒライ未来Company,東京都新宿区百人町1丁目20-13,PayPay d払い
HIMMELI HAIR SALON,東京都新宿区弁天町1?3 HIMMELI,PayPay d払い
博多ぶあいそ 高田馬場店 食べ飲み放題 居酒屋,東京都新宿区高田馬場1丁目25-32 108ビル 2F,PayPay d払い
ブリアント新宿店,東京都新宿区新宿3丁目23-1 都里一ビル 6F,PayPay d払い
プレミアホテル-CABIN-新宿,東京都新宿区歌舞伎町2丁目40-3,PayPay d払い
ヘアメイクアリア 目白,東京都新宿区下落合4丁目20-18 ベネッセレ目白,PayPay d払い
AUBE HAIR space 新宿店,東京都新宿区西新宿1丁目14-16 114BLDG. 3階,PayPay d払い
プロジェクト・エス,東京都新宿区四谷4丁目8,PayPay d払い
Ash 目白店,東京都新宿区下落合3丁目15-23,PayPay d払い
ヘアーメイクルーボ,東京都新宿区喜久井町5-6 1F,PayPay d払い
カフェ･ベローチェ 神楽坂店,東京都新宿区神楽坂4丁目1-1,PayPay d払い
カフェ・ベローチェ西新宿店,東京都新宿区西新宿7丁目10-7 加賀谷ビル 1F,PayPay d払い
マチェリア,東京都新宿区西早稲田1丁目6 早稲田大学 7号館,PayPay d払い
ミンガラバー,東京都新宿区高田馬場2丁目18-6,PayPay d払い
株式会社箪笥の松本,東京都新宿区四谷2丁目10,PayPay d払い
チーズトラベラー 新宿三丁目,東京都新宿区新宿3丁目12-12番4号 熊三ビル３F,PayPay d払い
チャイカ,東京都新宿区高田馬場１丁目26-5 FIビル 2F,PayPay d払い
セブンイレブン 東京都議会議事堂店,東京都新宿区西新宿2丁目8-1 都庁都民広場 地下1階,PayPay d払い
トモズ 新宿二丁目店,東京都新宿区新宿2丁目5-10,PayPay d払い
戸山カフェテリア,東京都新宿区戸山1丁目24,PayPay d払い
Tri.H studio飯田橋（トライ・エイチ・スタジオ）,東京都新宿区新小川町9-27 1階,PayPay d払い
カービングトライブス,東京都新宿区新宿3丁目30-13,PayPay d払い
セブンイレブン 西新宿３丁目店,東京都新宿区西新宿3丁目18-2,PayPay d払い
セブンイレブン 西新宿新和ビル店,東京都新宿区西新宿3丁目2-4 新和ビルディング １階,PayPay d払い
日本運転代行連盟㈱,東京都新宿区新宿7丁目27-3 クリオ東新宿壱番館 303,PayPay d払い
ノーブルテレビ商会,東京都新宿区西落合1丁目16-4,PayPay d払い
Hanaemi,東京都新宿区神楽坂1丁目2-12-1,PayPay d払い
花園電気商会,東京都新宿区新宿1丁目17-16,PayPay d払い
アキュア,東京都新宿区舟町1番地7 うめのビル 4階,PayPay d払い
Beauty ＆ Marriage Salon Moana,東京都新宿区高田馬場3丁目39-24,PayPay d払い
ホテルプティバリガーデン新大久保店,東京都新宿区百人町1丁目6-7,PayPay d払い
Heavenly by HAVANA 新宿,東京都新宿区新宿3丁目26-3 コンワセンタービル 3F,PayPay d払い
THE SMOKIST COFFEE 新宿御苑前店,東京都新宿区新宿1丁目14-5 新宿KMビル 1F,PayPay d払い
ホシギ２羽チキン 新大久保3号店,東京都新宿区百人町1丁目3-17,PayPay d払い
ポモドーロ,東京都新宿区百人町2丁目6-5,PayPay d払い
Musical Dog Studio / ㈱ミュージカルドッグスタジオ,東京都新宿区余丁町14-5 ミュージカルドッグ ビル,PayPay d払い
ミンガラバー,東京都新宿区高田馬場2丁目18-6,PayPay d払い
もーれもーれ,東京都新宿区西新宿４丁目3-10 エムビル,PayPay d払い
焼肉市場げんかや 高田馬場店,東京都新宿区高田馬場1丁目27-2 イチカワビル1F,PayPay d払い
BAR Unite.,東京都新宿区新宿3丁目28-1 新宿コルネ坂詰ビル 5階,PayPay d払い
リアット！メトロ飯田橋,東京都新宿区神楽坂1丁目13 飯田橋駅構内,PayPay d払い
Rue D'or,東京都新宿区下落合3丁目3-12-27,PayPay d払い
良酔,東京都新宿区新小川町8-4-1F 新小川ビル,PayPay d払い
老辺餃子舘 新宿靖国通り店,東京都新宿区歌舞伎町1丁目6-1 シロービル 4階,PayPay d払い
A＿gain Tokyo,東京都新宿区高田馬場1丁目32-10,PayPay d払い
アトリエティーラッツ,東京都新宿区西新宿4丁目4-15 コマUD21 101 ビル,PayPay d払い
アミーカ,東京都新宿区住吉町8-28 B B-STEP 1F,PayPay d払い
EAGLE TOKYO BLUE,東京都新宿区新宿2丁目11-2 1階、地下1階 カーサ・ヴェルデ,PayPay d払い
伊野尾書店,東京都新宿区上落合2丁目20-6,PayPay d払い
魚然 新宿店,東京都新宿区新宿1丁目30-7,PayPay d払い
n.salon -nail＆make lesson-,東京都新宿区舟町3-6 グランバリュー四谷三丁目 402,PayPay d払い
牡蠣と和牛と愉しいお酒 オイスタ 新宿・歌舞伎町店,東京都新宿区歌舞伎町1丁目13-7 コマビル 101,PayPay d払い
大阪屋化粧品店,東京都新宿区西新宿6丁目26-11,PayPay d払い
小原治療院,東京都新宿区新小川町5-18 神楽坂ブリックハウス 101号,PayPay d払い
一祭楽祭,東京都新宿区歌舞伎町１丁目6-13 良川ビルⅦ 2階,PayPay d払い
本家あべや 神楽坂店,東京都新宿区神楽坂3丁目2-4 co＆coビル,PayPay d払い
がってん寿司 新宿西落合店,東京都新宿区西落合3丁目22-4,PayPay d払い
蟹奉行 新宿東口店,東京都新宿区新宿3丁目20-5 ニューサンパークビル 4F,PayPay d払い
CAFE&DINING SMOOTH,東京都新宿区上落合2丁目28-1 2F,PayPay d払い
ウォッチ・ホスピタル 新宿店,東京都新宿区西新宿1丁目18-4 共新ビル 3F,PayPay d払い
カラオケパセラ新宿本店,東京都新宿区歌舞伎町1丁目3-16 パセラリゾーツ新宿本店１Ｆ,PayPay d払い
curry 草枕,東京都新宿区新宿2丁目4-9 中江ビル 2階,PayPay d払い
カレーハウスCoCo壱番屋 新宿歌舞伎町店,東京都新宿区歌舞伎町1丁目18-10 吉川ビル 1Ｆ,PayPay d払い
KICHIRI SHINJUKU WEST,東京都新宿区西新宿１丁目10-2 110ビル 8F,PayPay d払い
魚匠屋 西早稲田店,東京都新宿区大久保2丁目3-17,PayPay d払い
㈱スタジオハード,東京都新宿区早稲田町74,PayPay d払い
SATOKO Labo,東京都新宿区高田馬場1-9-21 エムハットビル2F,PayPay d払い
THE FOUR-EYED,東京都新宿区歌舞伎町2丁目8-2 パレドール 1F,PayPay d払い
Zina 新宿 髪質改善＆トリートメント＆艶髪,東京都新宿区西新宿1丁目19-12 鮎沢ビル 5F,PayPay d払い
La Chataigne,東京都新宿区神楽坂6丁目22 奥神楽坂ビル B1F,PayPay d払い
【居酒屋】新宿魚縁一丁目（しんじゅくぎょえんいっちょうめ）,東京都新宿区新宿1丁目13-8 地下左側 葵ビル,PayPay d払い
セブンイレブン 新宿下落合３丁目店,東京都新宿区下落合3丁目20-6,PayPay d払い
セブンイレブン 新宿水道町店,東京都新宿区水道町4-22,PayPay d払い
セブンイレブン 新宿４丁目明治通り店,東京都新宿区新宿4丁目3-12,PayPay d払い
寿し居酒屋 まえ田,東京都新宿区西新宿7丁目7-24,PayPay d払い
ホテルステラート,東京都新宿区歌舞伎町2丁目11-1,PayPay d払い
スパイスヘブン新宿,東京都新宿区西新宿3丁目7-1 新宿パークタワ B１F,PayPay d払い
新宿っ子ダイニング ペコリ,東京都新宿区歌舞伎町1丁目25-3 西武新宿駅前ビル ７F,PayPay d払い
神楽坂 世喜,東京都新宿区神楽坂4-2,PayPay d払い
セブン-イレブン 高田馬場１丁目店,東京都新宿区高田馬場1丁目5-21,PayPay d払い
チャイハネ 神楽坂店,東京都新宿区神楽坂2丁目5,PayPay d払い
nail shop TAT新宿店,東京都新宿区新宿3丁目35-13 SHOWAKAN2階,PayPay d払い
鉄板居酒屋ウシカイ,東京都新宿区四谷2-2 第22相信ビル 4F,PayPay d払い
ENEOS Dr.Drive セルフ 下落合駅前 SS (東新エナジー),東京都新宿区中落合2丁目8-15,PayPay d払い
Bar Socius,東京都新宿区神楽坂3丁目2-6 神楽坂 越後屋ビル B1F,PayPay d払い
ハーモニーケア ひとみ,東京都新宿区上落合1丁目11-10-101,PayPay d払い
そば処 福助 西新宿店,東京都新宿区西新宿4丁目15-21,PayPay d払い
ピジョン,東京都新宿区西早稲田3丁目27-4 第一,PayPay d払い
Vector Beer 新宿,東京都新宿区新宿1丁目36-5 新宿ホテルパークイン 1F,PayPay d払い
カフェ･ベローチェ 神楽坂駅前店,東京都新宿区矢来町109 神楽坂ローズビルディング,PayPay d払い
カフェ･ベローチェ 新宿一丁目北店,東京都新宿区新宿2丁目15-22 Landwork新宿ビル １Ｆ,PayPay d払い
勉強カフェ 新宿ベースポイントスタジオ,東京都新宿区西新宿7丁目18-18 新宿税理士ビル １Ｆ,PayPay d払い
ホテル新御苑,東京都新宿区四谷4丁目28,PayPay d払い
松江はりきゅう治療院,東京都新宿区上落合3丁目8-25 FLAMP 313,PayPay d払い
ヤマザキYショップ 中落合三又酒店,東京都新宿区中落合4丁目12-5,PayPay d払い
La Sirena,東京都新宿区神楽坂3丁目2 大宗ビル2階,PayPay d払い
Osteria & Ristorante LASTRICATO,東京都新宿区神楽坂4丁目6 2◇1階/オステリア◇2階リストランテ 神楽坂館,PayPay d払い
ラムタラ高田馬場駅前店,東京都新宿区高田馬場1丁目26-12 高田馬場ビル 2階,PayPay d払い
リガーレαカイロプラクティック,東京都新宿区西新宿7丁目5-6 クリーン西新宿ビル １階,PayPay d払い
アニソンバーギルド東京・新宿店,東京都新宿区歌舞伎町2丁目45-4 新館 B1 Gest 30,PayPay d払い
Pizzeria Bar Romana,東京都新宿区新宿1丁目5-6 156御苑ビル1F,PayPay d払い
ロマネス神楽坂,東京都新宿区南山伏町1-18 ハイホーム市ヶ谷 105,PayPay d払い
早稲田大学17号館2階 早稲田大学生協トラベルセンター,東京都新宿区西早稲田1丁目6 早稲田大学体育館,PayPay d払い
アーユルヴェーダエステヴァーマ,東京都新宿区神楽坂6-8 大〆ビル203,PayPay d払い
AiiRO CAFE,東京都新宿区新宿2丁目18-1 第7天香ビル 1F,PayPay d払い
チーズフォンデュ専門店 安藤ファーム,東京都新宿区歌舞伎町1丁目6-13 良川ビルⅦ 2階,PayPay d払い
イシバシ楽器 新宿店,東京都新宿区新宿3丁目3-2 地下鉄会館ビル,PayPay d払い
イタリア食堂 ブラーボ,東京都新宿区新宿3丁目17-13,PayPay d払い
一心堂薬局 新宿店,東京都新宿区新宿4丁目4-1 サテライト新宿ビル1F,PayPay d払い
伊藤美容室,東京都新宿区高田馬場2丁目12-1 さかえビル,PayPay d払い
岩座,東京都新宿区神楽坂5丁目8 恵比寿亭ビル １F,PayPay d払い
Bianca牛込神楽坂店【旧 VIOLA神楽坂店】,東京都新宿区箪笥町44 NTビル2F,PayPay d払い
高田馬場1丁目バル ウルスラ,東京都新宿区高田馬場1丁目29-21,PayPay d払い
EMANONシェアサロン新宿駅南口店,東京都新宿区西新宿1丁目18-6 西新宿ユニオンビル 8階,PayPay d払い
東京オステオパシーFloating,東京都新宿区神楽坂6-69 うらしまビル 6階,PayPay d払い
新宿ミロード,東京都新宿区西新宿1丁目1-3,PayPay d払い
御料理 ほりうち,東京都新宿区荒木町9-15 土田ビル 1階,PayPay d払い
かっぱ食堂,東京都新宿区新宿5丁目12-16,PayPay d払い
㈱藤田電機,東京都新宿区西早稲田1丁目5-3 グランド坂フジタ 1F,PayPay d払い
株式会社UPCサービス,東京都新宿区百人町3丁目1-6,PayPay d払い
カモシカスポーツ 山の店・本店,東京都新宿区高田馬場1丁目28-6,PayPay d払い
curry 草枕,東京都新宿区新宿2丁目4-9 中江ビル 2階,PayPay d払い
カレーハウスCoCo壱番屋 西新宿五丁目駅前通店,東京都新宿区西新宿5丁目8-8 メゾン・ド・新宿 メゾン･ド･新宿,PayPay d払い
anine rock &DJ BAR Geek's Cafe,東京都新宿区高田馬場4丁目9-10,PayPay d払い
kuraimu クライム,東京都新宿区下宮比町3-13新宿中興ビル 1F,PayPay d払い
クリーニングJUN (室橋商会),東京都新宿区西落合1丁目11-20,PayPay d払い
