&chill 早稲田店,東京都新宿区西早稲田3-1-18,楽天,35.709663,139.716419,
～貝と地酒専門～ かいのみ,東京都新宿区四谷1-19-16 第一上野ビル2F,楽天,35.686638,139.727852,
√5 SHINJYUKU,東京都新宿区新宿1-31-7 新宿御苑ダイカンプラザ101,楽天,35.690352,139.711351,
10count,東京都新宿区新宿2-15-13 茂美ビル1F,楽天,35.691058,139.708918,
150喫茶ten,東京都新宿区下落合3丁目17-35,楽天,35.722498,139.704279,
175°DENOタンタンメン 東京,東京都新宿区西新宿7-2-4 新宿MSビル1F,楽天,35.695056,139.698885,
1929TheDJ's Bar,東京都新宿区荒木町10-14 伍番館ビル2階,楽天,35.689491,139.722552,
29two nine,東京都新宿区歌舞伎町2丁目21-6,楽天,35.696477,139.703798,
2ndCafe,東京都新宿区歌舞伎町2-22-13 ADビル1F,楽天,35.696132,139.704335,
300BONE新宿店,東京都新宿区西新宿7-10-10 西村ビルB1F-2,楽天,35.693967,139.698058,
5GALLONS,東京都新宿区歌舞伎町1-1-8 ゴールデン街3番街,楽天,35.694022,139.704539,
72°√5 SHINJUKU ,東京都新宿区新宿2-15-1 秋場ビル602,楽天,35.690412,139.709861,
A5黒毛和牛鉄板焼雅-Mi,東京都新宿区歌舞伎町1-2-13 新光ビル2F,楽天,35.694761,139.704427,
AA JEWEL,東京都新宿区神楽坂3-1-17 ハイポイントビルB1階,楽天,35.702043,139.74142,
ACCESS,東京都新宿区左門町3-3 エターナル左門町1F,楽天,35.687344,139.719951,
ACEレンタル,東京都新宿区四谷4-8 ライオンズタワーゲート208,楽天,35.688163,139.716549,
AiIRO CAFE,東京都新宿区新宿2-18-1 第7天香ビル1F,楽天,35.690744,139.708267,
AIN SOPH.Ripple,東京都新宿区歌舞伎町2丁目46-8 新宿日章ビル,楽天,35.697838,139.700713,
AINSOPH.JOURNEY,東京都新宿区新宿3-8-9 新宿QビルB1.･1F･2F,楽天,35.690692,139.706681,
AiSOTOPE LOUNGE,東京都新宿区新宿2-12-16 セントフォービル1F,楽天,35.690453,139.707898,
ALAMAS CAFE,東京都新宿区新宿2-12-1,楽天,35.690336,35.690336,
Allure,東京都新宿区新宿5-15-6 新宿光陽ビル301号室,楽天,35.694011,139.707124,
ALLY,東京都新宿区新宿2-14-13 筒井ビル301,楽天,35.690775,139.709135,
Amaline,東京都新宿区西新宿7-10-14 富士山ビル9階,楽天,35.694416,139.698416,
Amardeep,東京都新宿区百人町1-24-9 1F,楽天,35.698937,139.697709,
AMBIVALENZ,東京都新宿区新宿2-7-3 ヴェラハイツ新宿御苑312,楽天,35.689639,139.708188,
Amici,東京都新宿区歌舞伎町2-9-18 ライオンズプラザ新宿1階20号店舗,楽天,35.695187,139.705297,
AmusementBarPopcorn．,東京都新宿区歌舞伎町2-38-8 八汐会館,楽天,35.696592,139.702119,
anchor,東京都新宿区新宿2-12-15 山原ハイツ2F,楽天,35.690517,139.708066,
Andante,東京都新宿区高田馬場2-19-7 タックイレブン高田馬場206号室,楽天,35.713914,139.704462,
Anna's bar,東京都新宿区歌舞伎町2-23-7 プチプラザビル2F,楽天,35.69564,139.70424,
ao,東京都新宿区新宿2-16-3 第三宏和ビル302,楽天,35.691451,139.708429,
Apple iFix,東京都新宿区百人町1-20-3 バラードハイム新宿渡辺ビル905,楽天,35.700208,139.696285,
apua,東京都新宿区上落合2-3-5 二葉ビル601,楽天,35.715468,139.689859,
AQUADOLL新宿サロン,東京都新宿区西新宿7-5-6 クリーン西新宿ビル6Ｆ,楽天,35.696502,139.698274,
ar+Men's脱毛,東京都新宿区歌舞伎町1-3-16 東金ビル7階東室,楽天,35.694322,139.703862,
ArmTryFree,東京都新宿区西新宿5-15-6,楽天,35.693425,139.685065,
ARS新宿カイロセンター,東京都新宿区高田馬場4-4-34 第2ARSビル,楽天,35.71214,139.703126,
ARTEFACT,東京都新宿区河田町11-3 井上ビル1F,楽天,35.698987,139.717995,
ARTY FARTY,東京都新宿区新宿2-11-7 第33宮庭ビル201,楽天,35.690419,139.707327,
AVANTGARDETOKYO,東京都新宿区新宿2-10-3 高橋ビル2F,楽天,35.68975,139.708393,
AVOCADO,東京都新宿区新宿3-9-4 増蔵ビル2F,楽天,35.691221,139.706702,
AYVサロン ウパスティティ,東京都新宿区須賀町5 apartmentKURO四谷302,楽天,35.685211,139.722993,
Bacchus,東京都新宿区新宿2-7-3 ヴェラハイツ新宿御苑前 211号室,楽天,35.689639,139.708188,
BANCO de BEBIDA,東京都新宿区新宿2-15-13 細野ビル1F,楽天,35.691063,139.708828,
BAR 3R,東京都新宿区新宿3-1-32 新宿ビル2号館3階,楽天,35.689755,139.706392,
Bar aLive,東京都新宿区歌舞伎町1-2-7 星座館ビル10階1006号アライブ,楽天,35.694056,139.704127,
BAR Apare 新宿店,東京都新宿区歌舞伎町2丁目34番8号 第5Sビル4A,楽天,35.696921,139.702968,
BAR ardrossan,東京都新宿区舟町7-46 LANDDEN舟町101,楽天,35.68926,139.720371,
BAR Bali,東京都新宿区歌舞伎町1-1-7,楽天,35.694112,139.704548,
BAR blue moon,東京都新宿区高田馬場1-17-22,楽天,35.711316,139.707519,
BAR CINE CITTA,東京都新宿区西新宿7-3-10 21山京ビル1F,楽天,35.695898,139.699061,
Bar CLO2,東京都新宿区高田馬場2-15-9 鈴や第5ビル102,楽天,35.713483,139.706229,
Bar CONNECT,東京都新宿区新宿2-15-13 ナカエビル3-301,楽天,35.691078,139.708769,
BAR DOQUDOQU,東京都新宿区歌舞伎町2-39-2 三幸ビルB館4階C号室,楽天,35.696799,139.702117,
Bar Gecko,東京都新宿区新宿2-12-14 ニューフタミビル6階A号室,楽天,35.690588,139.708141,
Bar Gisele,東京都新宿区歌舞伎町1-3-16　東金ビル地下1階,楽天,35.694409,139.703869,
BAR HORNY,東京都新宿区歌舞伎町2-13-4 第六金嶋ビル3F,楽天,35.696583,139.704862,
Bar Leaf,東京都新宿区神楽坂2-21-9 MTビル101,楽天,35.699939,139.740512,
Bar Lian,東京都新宿区新宿1-18-5 ネスト新宿御苑ビル1階,楽天,35.689706,139.71137,
bar lino,東京都新宿区歌舞伎町1丁目4-12 新宿ミヤタビル5階501号,楽天,35.694151,139.703745,
BAR mint,東京都新宿区神楽坂3-1 京花ビル2F,楽天,35.701993,139.740953,
Bar Mix Will,東京都新宿区歌舞伎町2-39-2 三幸ビルB館2階E室,楽天,35.696799,139.702117,
BAR MNK,東京都新宿区新宿2-14-11 リノベイト新宿ビル3階,楽天,35.690824,139.708807,
bar Morrlu,東京都新宿区袋町2 鈴木ビル1-C,楽天,35.701569,139.738596,
bar nocturne,東京都新宿区四谷1-23 上野ビルB1,楽天,35.685373,139.7288,
BAR POPCORN.,東京都新宿区歌舞伎町2-38-8,楽天,35.696598,139.70213,
BAR RELUM 新宿店,東京都新宿区歌舞伎町2-46-7 第3平沢ビル6F-C,楽天,35.697894,139.700585,
BAR rpm,東京都新宿区新宿三丁目6-3 ISビル2F,楽天,35.691185,139.705625,
BAR SHINE,東京都新宿区歌舞伎町1-3-5 相模観光ビル3F-E室,楽天,35.694502,139.703553,
BAR SWARO,東京都新宿区歌舞伎町1-13-4 歌舞伎町NNビル地下1階,楽天,35.694536,139.702369,
Bar TAYLOR,東京都新宿区新宿3-6-3 ISビル3F,楽天,35.691126,139.705658,
BAR Up to You,東京都新宿区西新宿1-4-5 オークビル702,楽天,35.692891,139.698763,
bar でぶる,東京都新宿区歌舞伎町2丁目11-4 新宿リービル3-4階G室,楽天,35.696007,139.704777,
BAR ネギの巣,東京都新宿区歌舞伎町2-23-7 歌舞伎町プチプラザB1-002,楽天,35.69564,139.70424,
Bar プライベート,東京都新宿区新宿2-15-14 パンチョスタワー1階,楽天,35.691204,139.708893,
Bar ブリューダー,東京都新宿区新宿3-7-7 十字屋ビル3階,楽天,35.691019,139.706369,
BAR もうこはん,東京都新宿区歌舞伎町2-23-7 永谷歌舞伎町プチプラザ102号,楽天,35.69564,139.70424,
Bar 柿沼,東京都新宿区神楽坂6-8 アプロードビル2階,楽天,35.702794,139.737757,
BAR 十二社,東京都新宿区西新宿4-12-8 フジサンコービルB1,楽天,35.68957,139.686873,
Bar461,東京都新宿区舟町12  ビリジアン新坂101,楽天,35.690502,139.721701,
BarBaoBab,東京都新宿区新宿3-10-7 馬酔木ビル2F,楽天,35.691362,139.706465,
BARBER-BAR四谷店,東京都新宿区四谷1-3-10 M&Mビル4F,楽天,35.686307,139.729162,
Barco,東京都新宿区新宿5-10-5 塚本ビル1階,楽天,35.692235,139.708251,
Barescape,東京都新宿区新宿3-7-7 十字屋ビル3F,楽天,35.691021,139.706363,
BarN,東京都新宿区新宿3-28-1 新宿コルネ坂詰ビル6F,楽天,35.690784,139.70323,
BarScotchWatch,東京都新宿区四谷1-8 中川ビル2F,楽天,35.686501,139.728746,
Barかくれんぼ,東京都新宿区歌舞伎町1-3-11 2階,楽天,35.707684,139.522309,
BARキラキラキラーン,東京都新宿区新宿2-13-11 ライオンズ新宿御苑前No.2地下1階B室,楽天,35.690317,139.708737,
BARこのブタ野郎,東京都新宿区新宿2-18-1 第7天香ビル3F,楽天,35.690781,139.708276,
Barやーらしか,東京都新宿区新宿2-14-13 ユニビル302,楽天,35.690778,139.709189,
BAR流民,東京都新宿区歌舞伎町1-1-5 アティック流民1階,楽天,35.694351,139.702426,
batton,東京都新宿区西早稲田3-20-1 stonewall･bldg2F,楽天,35.710984,139.711956,
BAZZSTORE高田馬場WN,東京都新宿区高田馬場4-11-10 VORＴ高田馬場kaleido1F,楽天,35.71334,139.70219,
Be White,東京都新宿区西新宿7-9-15 新宿ダイカンプラザビズネス清田ビル301,楽天,35.694708,139.698321,
BEANUSCAFE,東京都新宿区新宿3-1-17 山本ビル1-2階,楽天,35.690421,139.705049,
Beaute,東京都新宿区新宿1-14-10 松山ビル1F,楽天,35.689237,139.710467,
Becky Lash新宿西口店,東京都新宿区西新宿7-9-13 大黒屋15ビル5階,楽天,35.695007,139.698463,
Beer etc.,東京都新宿区荒木町7-3 モンセラート四谷102,楽天,35.689259,139.722269,
beL 新宿三丁目,東京都新宿区新宿3丁目8-2 クロスビル4階,楽天,35.690673,139.706556,
Bench,東京都新宿区新宿2-14-9 島崎ビル502,楽天,35.690834,139.708611,
BIRDGRILLTORINO,東京都新宿区神楽坂3-1 京花ビルB1F,楽天,35.701993,139.740953,
Bistro Repos,東京都新宿区新宿1-16-9 1F,楽天,35.690055,139.710867,
Blanc,東京都新宿区百人町1-20-26 ムサシノビル307,楽天,35.700087,139.696369,
bocci,東京都新宿区西新宿5-25-13 パラガイハイツ1F-A,楽天,35.689849,139.684008,
Bodyリフレクション,東京都新宿区高田馬場1-29-22 寿ビル306,楽天,35.710356,139.704132,
BookTeaBed,東京都新宿区新宿1-12-8,楽天,35.688923,139.712093,
Borracho 新宿店,東京都新宿区歌舞伎町1-12-3 MONビル4F,楽天,35.694877,139.702394,
BOTANICAL BEACH,東京都新宿区南山伏町1-18 ハイホーム市ヶ谷104,楽天,35.69932,139.73205,
BRING新宿店,東京都新宿区新宿3-28-1 アドヴァンスビル1F･2F,楽天,35.690767,139.703103,
BumbleBee,東京都新宿区新宿2-15-13 二丁目のビル1F,楽天,35.691112,139.709001,
BUMPY!,東京都新宿区新宿2-18-10 新千鳥街1F,楽天,35.690966,139.708359,
BUNBUN,東京都新宿区新宿2-15-11 信田ビル202号,楽天,35.690985,139.708794,
Buono×Buono,東京都新宿区上落合1-16-2 クレヨン落合1F,楽天,35.715541,139.694236,
BURAI,東京都新宿区神楽坂3-6-53 とぎやレジデンス1F,楽天,35.70049,139.739719,
C'cDEUX,東京都新宿区市谷柳町41-2 1F,楽天,35.699083,139.725833,
Cafe 17/F,東京都新宿区西早稲田2-4-26 フロントリバー1階,楽天,35.708731,139.716708,
cafe&bal LOGOS,東京都新宿区歌舞伎町1-22-9 Jゴールドビル1階,楽天,35.694785,139.701196,
CalifornianPoke,東京都新宿区百人町1-1-2 第2仙崎ビル1F,楽天,35.698285,139.701828,
CarniBAR,東京都新宿区西新宿7-15-14 FONTAIN三須1F,楽天,35.695362,139.697653,
CARROZZA,東京都新宿区新宿1-2-11 第1日東ビル1F,楽天,35.687767,139.712586,
Cartagena,東京都新宿区歌舞伎町2-38-8 八汐会館3.C,楽天,35.696598,139.70213,
CASA TEQUILA,東京都新宿区歌舞伎町1-7-5 新宿トーシンビルB1F,楽天,35.694507,139.702916,
CC新宿1号店 4F,東京都新宿区西新宿7-10-20 ワセダSTビル4F,楽天,35.694147,139.698608,
CC新宿1号店 5F,東京都新宿区西新宿7-10-20 ワセダSTビル5F,楽天,36.694147,140.698608,
CC新宿2号店,東京都新宿区西新宿7-16-12 YSビル1F,楽天,35.696121,139.697858,
Charcoal grill＆bar,東京都新宿区西新宿7-15-17 東光ビル4階,楽天,35.695118,139.69803,
我楽多家-がらくた- 新宿店,東京都新宿区西新宿7-15-17東光ビル4階,楽天,36.695118,140.69803,
CHAYA新宿,東京都新宿区歌舞伎町2-11-4 Lee3ビル1階,楽天,35.696007,139.704777,
Cherish,東京都新宿区新宿3-8-8 平田ビル4F,楽天,35.690836,139.706745,
cherry blossom,東京都新宿区歌舞伎町2-17-4 コリンズ37ビル5階DEF室,楽天,35.697585,139.705219,
CHILLAL,東京都新宿区歌舞伎町二丁目25番2号 荒生ビル4階B1室,楽天,35.695208,139.70382,
choosy'choosey,東京都新宿区西早稲田2-9-12 モーナ吉田1F,楽天,35.709549,139.714766,
CLOVE,東京都新宿区新宿3-17-7 紀伊國屋ビル地下1階,楽天,35.692249,139.702984,
Club Red Carpet,東京都新宿区歌舞伎町2-13-6 メトロプラザ1･2F,楽天,35.696756,139.70492,
COGS DINING,東京都新宿区神楽坂3-6 3丁目テラス1F,楽天,35.70099,139.740408,
COM,東京都新宿区新宿2-15-13 木村ビル3階,楽天,35.691058,139.708918,
CONA歌舞伎町店,東京都新宿区歌舞伎町1-6-6 橋本ビル1F,楽天,35.693754,139.702595,
COSME REMAKE,東京都新宿区百人町1-3-17 佐竹ビル1階,楽天,35.701227,139.702255,
Cosmologia,東京都新宿区荒木町23-15 アケボノ大鉄ビル1F,楽天,35.691748,139.723113,
cozy sakura,東京都新宿区四谷坂町2丁目,楽天,35.68936,139.724982,
COZY VIBES,東京都新宿区新宿7-21-13,楽天,35.69968,139.710105,
creato,東京都新宿区下落合3-15-18 SYビル1F,楽天,35.72226,139.701558,
CREST,東京都新宿区歌舞伎町2-38-11 スカイラークビル3F-B,楽天,35.696371,139.702261,
CUORE,東京都新宿区歌舞伎町1-2-13 新光ビル5階,楽天,35.694765,139.702233,
DABAKA,東京都新宿区百人町1-8-11 オリエンタルビルB1,楽天,35.699349,139.700536,
DAN,東京都新宿区歌舞伎町2-23-10 第一本間ビル4階B号,楽天,35.695705,139.704357,
DARTS HiVe新宿東口店,東京都新宿区新宿3丁目23-1 新宿ターミナルビル5F,楽天,35.692713,139.698591,
Diablo,東京都新宿区歌舞伎町2丁目27-12 新宿LEEビル4-G,楽天,35.695786,139.703223,
Diner 5GALLONS,東京都新宿区歌舞伎町1-1-5 新宿ゴールデン街8番街,楽天,35.694351,139.702474,
Dining Bar 海豚,東京都新宿区大久保1-1-9 フラワーハイホーム110,楽天,35.698456,139.705913,
DiningBarMeets,東京都新宿区新宿3-23-11 K'sビル9F,楽天,35.693402,139.701035,
DJIストア新宿,東京都新宿区新宿1-2-9 JF新宿御苑ビル2F,楽天,35.687939,139.712765,
Dog Salon WITH,東京都新宿区富久町1-5 第5服部ビル1F,楽天,35.691403,139.718274,
DogSalonZero,東京都新宿区早稲田鶴巻町556 山口ビル1F,楽天,35.707653,139.723844,
DOMO HOTEL,東京都新宿区新宿7丁目27番15号,楽天,35.699452,139.705882,
Door,東京都新宿区新宿1-18-14 廣田ビル1F,楽天,35.689864,139.711926,
Dream Factory,東京都新宿区北山伏町1-16,楽天,35.699523,139.727977,
Drei.B.,東京都新宿区新宿5-10-6 近代BLD22.4階B,楽天,35.69248,139.70822,
DT新宿店,東京都新宿区西新宿7-10-20 ワセダSTビル･6F,楽天,35.694271,139.698699,
DUDE,東京都新宿区新宿3-31-5 新宿ペガサス館402A号室,楽天,35.690751,139.703751,
duke,東京都新宿区荒木町22-48 タジマビル1F,楽天,35.690766,139.722154,
EAGLE Tokyo,東京都新宿区新宿2-12-3,楽天,35.690472,139.707614,
EAGLETOKYOBLUE,東京都新宿区新宿2-11-2 カーサヴェルデ地下1階,楽天,35.690126,139.707666,
EAT-O四八珈琲店,東京都新宿区四谷4-15 九久ビル1F,楽天,35.68817,139.715955,
ELEANOR SPA&TRE,東京都新宿区新宿4-4-15,楽天,35.688645,139.704922,
EMANON 新宿,東京都新宿区西新宿1-18-6 西新宿ユニオンビル8F,楽天,35.68871,139.696141,
En,東京都新宿区高田馬場2-14-5 サンエスビル1F,楽天,35.713145,139.706987,
Eurasian,東京都新宿区西落合3-1 ビストロバーEurasian12階,楽天,35.722784,139.682258,
Eyelash Heart,東京都新宿区新宿1-7-10 グランドメゾン新宿御苑901,楽天,35.688952,139.707993,
FAKE,東京都新宿区歌舞伎町2丁目13番8号 メトロプラザ1ビル7階J室,楽天,35.696655,139.704939,
Familia,東京都新宿区高田馬場2-13-9 若月ビル1F,楽天,35.712898,139.707522,
FANG,東京都新宿区新宿2-7-3 ヴェラハイツ新宿御苑309,楽天,35.689672,139.705981,
FIORI,東京都新宿区新宿5-4-1 新宿Qフラットビル2F,楽天,35.692127,139.709895,
ForuCafe,東京都新宿区西早稲田2-4-26 1F,楽天,35.687546,139.693032,
FRIEND VILLAGE,東京都新宿区歌舞伎町1-16-6 第6ポールスタービル8階,楽天,35.693956,139.701805,
GaNGES,東京都新宿区西新宿3-20-2 東京オペラシテイービルB1F,楽天,35.682997,139.68683,
GARAM,東京都新宿区歌舞伎町1-16-6 第6ポールスタービル7階,楽天,35.693956,139.701805,
gladspace,東京都新宿区四谷3-8 メゾンメトロビル6F,楽天,35.687808,139.718679,
glam,東京都新宿区西新宿6-12-16 天空ＭＵＲＡ2F,楽天,35.693402,139.68871,
GLAMB PLUS,東京都新宿区歌舞伎町2-24-7 MRTビル･2F,楽天,35.695816,139.703844,
GODZ,東京都新宿区歌舞伎町1-10-5 えびす会館 B1B 室,楽天,35.69494,139.703092,
Goo?it!高田馬場店,東京都新宿区高田馬場2-19-7 タックイレブン高田馬場4-C,楽天,35.713914,139.704462,
GOTTA2 CAFE,東京都新宿区西早稲田2-16-17 N.Kビル2階,楽天,35.710353,139.712247,
go-up,東京都新宿区新宿2-18-10 2F,楽天,35.690916,139.673215,
GRANDE PANTS,東京都新宿区新宿3-21-1 清水館ビル2F,楽天,35.692837,139.700075,
GRANZ,東京都新宿区四谷4-3-22 シティ四谷1F,楽天,35.687918,139.717308,
GreenTomato,東京都新宿区新宿2-11-7 第33宮庭ビルB1,楽天,35.690426,139.705032,
Grill&BarHanaya,東京都新宿区歌舞伎町2-45-4 若月ビルB1,楽天,35.696521,139.700444,
Gyoen･de･Gohan,東京都新宿区新宿1-18-16 新宿Gビル1階,楽天,35.689808,139.711642,
hairartorganica,東京都新宿区神楽坂3-6-22 TheRoom神楽坂3F,楽天,35.701086,139.740775,
HaL VeL Bar,東京都新宿区西新宿7丁目7-29 西新宿ビルB1,楽天,35.697081,139.697572,
hana-fusa,東京都新宿区上落合1-1-15 落合パークファミリア店舗2,楽天,35.715249,139.694851,
haru,東京都新宿区四谷3-4 鳥重ビル102,楽天,35.68781,139.721848,
Heart Beat,東京都新宿区歌舞伎町1-8-3 良川ビル1階,楽天,35.689807,139.69468,
Hi-RIDGE,東京都新宿区上落合1-9-11 グランメール落合102,楽天,35.71402,139.691934,
Hi-vo 総合整体サロン,東京都新宿区早稲田町74-13 早稲田駅前ビル301号室,楽天,35.705864,139.722201,
hlaada,東京都新宿区山吹町332番地  トウショウビルディング401,楽天,35.707747,139.728516,
hoguslim神楽坂,東京都新宿区神楽坂5-24 タイヨウビル5階,楽天,35.702211,139.737933,
Honey,東京都新宿区歌舞伎町2-19-7 新田中ビル2C号室,楽天,35.697909,139.70417,
HONEYTERRACE,東京都新宿区西五軒町10-2 神楽坂Kouz1階,楽天,35.707523,139.729029,
Hormiga,東京都新宿区西早稲田3-14-1,楽天,35.710084,139.713586,
hotdog homeys,東京都新宿区細工町3-18 山岸ビル1F,楽天,35.699708,139.733105,
HUNDRED,東京都新宿区百人町1-12-2 セイザ新宿1階,楽天,35.698288,139.699414,
Hutte,東京都新宿区高田馬場4-13-9 花福ビルB1F,楽天,35.712653,139.700032,
i-BALANCE,東京都新宿区舟町8-3 新宿舟町ビル202,楽天,35.690164,139.721286,
IGOHOTEL,東京都新宿区大久保1-5-17,楽天,35.700431,139.706119,
Ile des pain,東京都新宿区早稲田鶴巻町537,楽天,35.70843,139.722854,
imays-comfoHair,東京都新宿区高田馬場1-29-22 寿ビル1F,楽天,35.710356,139.704132,
iPhone修理Worker,東京都新宿区歌舞伎町2-17-10 新宿小沼ビル7階702,楽天,35.697999,139.705447,
iPhone修理一番,東京都新宿区百人町2-21-4 渡辺ビル2A,楽天,35.701858,139.688375,
Island Burgers,東京都新宿区四谷3-1,楽天,35.687842,139.705052,
IslandBurgers高田,東京都新宿区高田馬場4-10-13,楽天,35.71291,139.701978,
ISLANDS,東京都新宿区新宿3-11-1 今井ビル3F,楽天,35.691512,139.706601,
JAM+,東京都新宿区歌舞伎町2-20-11 玉野ビル5階B号室,楽天,35.697683,139.704072,
JBネット,東京都新宿区百人町2-4-10 フェリッツビル2F,楽天,35.702549,139.700073,
Jemstone,東京都新宿区新宿2-12-15 M&Tビル8F,楽天,35.690572,139.708107,
JOIN US CENTER,東京都新宿区新宿7-24-4 1F,楽天,35.698514,139.701749,
Joule,東京都新宿区西新宿7-10-14 富士山ビル8F,楽天,35.694615,139.688846,
Juttoku.,東京都新宿区弁天町23番地 ホワイトキューブ101号室,楽天,35.704448,139.7267,
KABUTO,東京都新宿区西新宿8-16-2 新宿グランドウイング1階,楽天,35.69461,139.662581,
KALEN新宿店,東京都新宿区新宿2-8-15 パークフロント新宿2F,楽天,35.689162,139.700666,
Kaori Millinery,東京都新宿区細工町2-6,楽天,35.698784,139.723826,
KASHIWAGICAFE,東京都新宿区西新宿8-19-11 HOSOYAMANORONE1階,楽天,35.695605,139.690872,
k-beauty東新宿店,東京都新宿区大久保2-1-11 モナークマンション201号,楽天,35.701887,139.708432,
KENTAS,東京都新宿区神楽坂1-14 東邦ビル1F,楽天,35.700963,139.742605,
KENZO'S BAR,東京都新宿区歌舞伎町1-1-7 2F,楽天,35.701013,139.696284,
Kerata by Reuna,東京都新宿区四谷4-29-5 ロジマン御苑801,楽天,35.688064,139.71446,
Kitchen 428,東京都新宿区荒木町7-11 安藤ビル1F,楽天,35.689397,139.722145,
KOBAYASHI TAXI,東京都新宿区百人町3-25-2 モモ人町三丁目住宅102,楽天,35.706542,139.696328,
KUJIRAENTERTAI,東京都新宿区歌舞伎町2-23-1 風林会館B2,楽天,35.695228,139.704157,
la Loop,東京都新宿区大久保1丁目9-17,楽天,35.701021,139.704879,
La Sirena,東京都新宿区神楽坂3-2 KI大宗ビル2A,楽天,35.701796,139.739808,
La tanya,東京都新宿区新宿2丁目12番15号 山原ハイツ603,楽天,35.690517,139.708066,
La Tartarughina,東京都新宿区赤城下町33-24,楽天,35.705328,139.732834,
la terre 神楽坂,東京都新宿区横寺町38 矢代ビル1F,楽天,35.701917,139.735467,
LAD'SDINING新宿店,東京都新宿区新宿3-35-7 さんらくビルB1F,楽天,35.68974,139.702254,
LaLarOomo,東京都新宿区歌舞伎町1-25-3 8F,楽天,35.694615,139.700575,
LANIKAI.,東京都新宿区四谷三栄町4-12 大澤ビル1F,楽天,35.687983,139.726064,
Laprosciutteria,東京都新宿区神楽坂2-11-7 AY2ビル1F,楽天,35.70124,139.741939,
LARGO,東京都新宿区新宿2-4-2 カーサ御苑1F,楽天,35.688778,139.705836,
Lastar新宿東口店,東京都新宿区歌舞伎町1-2-1 ナインティー新宿ビル8F,楽天,35.693314,139.703713,
LAUB,東京都新宿区歌舞伎町1-12-4 前田ビル2F,楽天,35.694945,139.700206,
Le Parisien,東京都新宿区岩戸町19番地 高野ビル1階,楽天,35.701481,139.737641,
LE-RESTAURO,東京都新宿区北新宿3-28-11,楽天,35.704362,139.689458,
LEXE,東京都新宿区四谷2-14-9 森田屋ビル1階,楽天,35.68749,139.723645,
LIBERTY,東京都新宿区新宿2-12-16 305,楽天,35.690453,139.707898,
Lieu de Beaute,東京都新宿区神楽坂3-2 Kヒルズ103号,楽天,35.701438,139.740681,
Lille,東京都新宿区新宿4-1-19 冨美ビルB-1-2F,楽天,35.688575,139.702794,
Linda,東京都新宿区歌舞伎町2-45-2 カイダ第3ジャストビル1F,楽天,35.696396,139.700462,
LIVIDA,東京都新宿区新宿5-8-14 新宿オービル5F,楽天,35.69334,139.708954,
Love et Welina,東京都新宿区四谷3-9-11 四谷シンコービル4F,楽天,35.687568,139.720105,
Love Love Lomb,東京都新宿区高田馬場2-14-4 八城ビル地下1階,楽天,35.712585,139.706895,
LUNA CAFE,東京都新宿区高田馬場1-24-18,楽天,35.711969,139.70523,
Luna eyelash,東京都新宿区西新宿7-5-6 新宿ダイカンプラザ756-403号,楽天,35.696502,139.698274,
Lutia,東京都新宿区西新宿7-4-5 ウエストスクエアビル3F,楽天,35.695974,139.69843,
MAGICAL BAR隠れんぼ,東京都新宿区荒木町8番地 藤村ビル1階,楽天,35.689407,139.721911,
MaKerS,東京都新宿区新宿2-12-14 ニューフタミビル4A,楽天,35.690588,139.708141,
maki maki(マキマキ),東京都新宿区西早稲田3-15-10 Kビル1F,楽天,35.710444,139.713004,
mano mano 高田馬場店,東京都新宿区高田馬場1-27-3 ニュー竹宝ビル504,楽天,35.712393,139.704768,
mano mano 新宿東口店,東京都新宿区歌舞伎町2-41-12 泉ビル201号,楽天,35.697905,139.702498,
marbles 新宿店,東京都新宿区新宿3-25-10 當山ビル7階,楽天,35.692539,139.702065,
MARCH新宿店,東京都新宿区西新宿7-9-14 第一江戸金ビル4階,楽天,35.694905,139.698451,
Marrows,東京都新宿区新宿4-1-22 新宿コムロビル901,楽天,35.688491,139.702685,
marry 新宿東口店,東京都新宿区新宿3-8-9 平生ビルディング9階,楽天,35.690637,139.706672,
Maylily,東京都新宿区百人町一丁目1番20号,楽天,35.699459,139.701914,
men'shairsasaki,東京都新宿区新宿6-12-2,楽天,35.694524,139.70795,
MILISTAR,東京都新宿区新宿1-34-15 新宿エステートビルB1,楽天,35.691236,139.711158,
minear nail,東京都新宿区新宿3-35-6 新宿アウンビルB1,楽天,35.68969,139.702275,
minz nailschool,東京都新宿区新宿3-35-6 新宿アウンビルB1,楽天,36.68969,140.702275,
minz新宿店,東京都新宿区新宿3-23-15 綾若ビル地下1階,楽天,35.693063,139.700805,
MissionDinning,東京都新宿区西新宿1-14-3 新宿ひかりビル5F,楽天,35.688889,139.69694,
MODESCAPE 新宿店,東京都新宿区新宿3-32-8 新宿中央口ビルB1F,楽天,35.690302,139.704242,
MONCIL,東京都新宿区西新宿7-9-10 プルミエ西新宿7F,楽天,35.695286,139.698333,
monova,東京都新宿区西新宿3-7-1 新宿パークタワーリビングデザインセンターOZONE4階,楽天,35.685427,139.690839,
moon baby,東京都新宿区新宿2-10-2 江花ビル101,楽天,35.689734,139.708432,
moon child,東京都新宿区新宿2-7-3 ヴェラハイツ新宿御苑105,楽天,35.689639,139.708188,
mosh kitchen,東京都新宿区新宿5-17-11 白鳳ビル地下一階,楽天,35.692846,139.705471,
M-style,東京都新宿区新宿2-15-13 茂美ビル2F,楽天,35.691023,139.709005,
MTG BAR 飲める屋,東京都新宿区高田馬場3-2-13 第2丸曽ビル地下1F,楽天,35.714333,139.703353,
N,東京都新宿区天神町68 滝沢68ビル二階,楽天,35.705633,139.73075,
NADIO,東京都新宿区西新宿7-1-7 新宿ダイカンプラザA館617号室,楽天,35.69448,139.699089,
Nae hair salon,東京都新宿区中町22 石川ビル1F,楽天,35.69881,139.733693,
Nail Aerial,東京都新宿区神楽坂2-12-1 ラインビルド神楽坂607号,楽天,35.701099,139.741612,
Nail Allure,東京都新宿区西新宿1-3-13 I&Kビル3F,楽天,35.693356,139.698127,
nail irooori,東京都新宿区三栄町8-10 第一萬壽ビル203,楽天,35.687273,139.726839,
NATURALIA,東京都新宿区歌舞伎町一丁目8番1号 良川ビル8-2階,楽天,35.694163,139.703107,
NEXTLEVEL,東京都新宿区新宿1-7-10 グランドメゾン新宿御苑907,楽天,35.68891,139.710189,
nove,東京都新宿区改代町27-4 クレスト神楽坂1階,楽天,35.707991,139.734162,
nude,東京都新宿区新宿2-15-12 高峰ビル1F,楽天,35.691051,139.708786,
NUEVO,東京都新宿区新宿3-17-21 川元ビル3階,楽天,35.691842,139.703273,
NUEVO ２号店,東京都新宿区新宿3-23-5 新東ビル6階A号,楽天,35.69313,139.70057,
o'bo,東京都新宿区歌舞伎町1-12-4,楽天,35.694956,139.7022,
Ohana,東京都新宿区歌舞伎町1-15-12 地下1階,楽天,35.694165,139.702365,
Okinawa Bar&Foo,東京都新宿区神楽坂3-1,楽天,35.702024,139.740806,
OKURA新宿歌舞伎町時計専門店,東京都新宿区歌舞伎町1丁目18番1号 藤田ビル1F2F,楽天,35.6945,139.701509,
OLUOLU Ohana,東京都新宿区歌舞伎町2-20-11 玉野ビル1F,楽天,35.697684,139.704073,
on the shore,東京都新宿区早稲田鶴巻町251 武笠ビル1F,楽天,35.708734,139.725527,
one's-e,東京都新宿区高田馬場3-2-5 ANビル3F,楽天,35.713896,139.703034,
Osteria,東京都新宿区神楽坂4-6 1F,楽天,35.702619,139.74005,
P&M ヒーリング研究室,東京都新宿区新宿1-24-7 ルネ御苑プラザ710号,楽天,35.689985,139.713875,
PAINT,東京都新宿区西早稲田3-19-3,楽天,35.710883,139.712138,
PANDA BAR,東京都新宿区舟町5,楽天,35.689747,139.721556,
panier de legumes,東京都新宿区下落合3-17-30,楽天,35.72254,139.703544,
Paradise Cafe,東京都新宿区新宿2-13-16 藤井ビル3階,楽天,35.690102,139.708667,
ParadiseBLUE,東京都新宿区新宿2-18-10 新千鳥街ビル2F,楽天,35.690971,139.70836,
Parureパリュール新宿店,東京都新宿区新宿3-31-5 ペガサス館5F,楽天,35.690751,139.703751,
PhotoFiler,東京都新宿区若葉2-3-18,楽天,35.68632,139.722602,
Pickles,東京都新宿区新宿3-6-11 第一玉屋ビル3階3-B号室,楽天,35.69138,139.705981,
PillowNail,東京都新宿区高田馬場1-25-31 遠亀ビル301,楽天,35.712273,139.706593,
PINE TALE 2990,東京都新宿区歌舞伎町1-10-12 豊ビル1F,楽天,35.694746,139.703154,
Pizza K,東京都新宿区新宿7-27-4 ライオンズマンション新宿第2-1F,楽天,35.698208,139.707897,
PLACE,東京都新宿区高田馬場2-15-7 03ビル2-1階,楽天,35.713524,139.706508,
Polish新宿店,東京都新宿区新宿4-3-7,楽天,35.688255,139.703551,
PUB305,東京都新宿区新宿5-17-1 元井ビル1F,楽天,35.693609,139.706297,
Punk Bar H.O.D,東京都新宿区歌舞伎町1-1-8 H.O.D,楽天,35.693984,139.704562,
Pure,東京都新宿区新宿2-18-1 第7天香ビル1階,楽天,35.690781,139.708276,
R&B,東京都新宿区新宿2-12-1 ガーネットビル3F,楽天,35.690246,139.707798,
RACOLEIL,東京都新宿区市谷仲之町4-8 ARKHOUSE市谷仲之町201,楽天,35.695347,139.723392,
Rally Cap,東京都新宿区西新宿7-1-7 新宿ダイカンプラザA館1007号室,楽天,35.69448,139.699089,
Re...assemblage,東京都新宿区歌舞伎町2-21-5 第2平沢ビル2階,楽天,35.696394,139.703772,
Re.Ra.Ku 四ッ谷,東京都新宿区四谷2-14-37 嶋ビル1F,楽天,35.68755,139.723511,
Renata新宿,東京都新宿区新宿3-23-4 第三大谷ビル4階,楽天,35.693048,139.700581,
Ristorante,東京都新宿区神楽坂4-6 2F,楽天,35.702601,139.739964,
Roberts,東京都新宿区津久戸町1-12 中村ビル1F,楽天,35.702616,139.740681,
rosee,東京都新宿区四谷4-11-2 フィルパーク1F,楽天,35.688318,139.717939,
RUSH UP,東京都新宿区新宿3-23-5 新東ビル7階-A号,楽天,35.69313,139.70057,
SaJima-Thai,東京都新宿区四谷4-9 四谷エントランス･ノアビル602,楽天,35.687769,139.716348,
salon de bar喜えん,東京都新宿区神楽坂3-1 京花ビル3階,楽天,35.702236,139.741084,
Salon Moana,東京都新宿区高田馬場3-39-24,楽天,35.712429,139.695543,
Salon SQUASH,東京都新宿区歌舞伎町1-2-3 902,楽天,35.693381,139.703289,
sayyes,東京都新宿区新宿2-13-16 藤井ビル,楽天,35.690106,139.708672,
SCENARIO,東京都新宿区西新宿7丁目9-13 大国屋15ビル2F,楽天,35.695059,139.69851,
SEA&SUN,東京都新宿区歌舞伎町1-1-7,楽天,35.69409,139.704642,
selenecafe,東京都新宿区新宿6-13-7 大りんビル1F,楽天,35.694791,139.708508,
SET-OFF MieuX,東京都新宿区新宿3-3-7 サンケイビル1階,楽天,35.690696,139.706067,
SEVENTH,東京都新宿区新宿2-15-13 木村ビル2F,楽天,35.691058,139.708918,
She's nail,東京都新宿区西新宿7-9-6 寿ビル601,楽天,35.694768,139.698051,
ShenTon,東京都新宿区新宿2-18-1 TWOFRONTBLDG201,楽天,35.690785,139.708179,
sherrY.,東京都新宿区歌舞伎町2-11-4 新宿Lee3ビル-2階D号室,楽天,35.696007,139.704777,
ShineNail 新宿西口店,東京都新宿区西新宿7-10-17 新宿ダイカンプラザB館902,楽天,35.69456,139.698531,
SHINJYUKUMINAMI,東京都新宿区西新宿1-2-8,楽天,35.692743,139.699394,
SHOGUNBURGER新宿店,東京都新宿区歌舞伎町1-15-12 ピアットビル1階,楽天,35.694075,139.70247,
SHOW SALON,東京都新宿区歌舞伎町1-2-18 エコロ新宿第3ビル201,楽天,35.694869,139.705148,
SILK ROAD,東京都新宿区歌舞伎町2丁目39-8 ダーマビル6階A室,楽天,35.696953,139.701929,
SI神楽坂,東京都新宿区山吹町315 グリーンキャピタル神楽坂301,楽天,35.70756,139.73318,
SMASH,東京都新宿区矢来町122 鈴木マンション,楽天,35.704344,139.733769,
SOIN DE MEI,東京都新宿区舟町4-1 メゾンド四ツ谷301,楽天,35.689239,139.721461,
sojo,東京都新宿区早稲田鶴巻町111 小山ビル1F,楽天,35.708244,139.723308,
SOLEIL,東京都新宿区新宿1-7-7 2F,楽天,35.688966,139.709905,
Soulmate,東京都新宿区西新宿8-11-13 日東ビル,楽天,35.695,139.692568,
Soulmate Beach,東京都新宿区西新宿7-12-3 B1,楽天,35.69358,139.696571,
Sous-sol,東京都新宿区西新宿7-11-15 ミヤコビルB1,楽天,35.69419,139.697873,
SPECIAL,東京都新宿区歌舞伎町1-7-1 J2ビル2F,楽天,35.694211,139.702778,
STAR BOX,東京都新宿区大久保1-15-9,楽天,35.700582,139.703045,
Studioa-Lu新宿azu,東京都新宿区新宿3-11-12 404,楽天,35.691702,139.706491,
Suneight STUDIO,東京都新宿区新宿2-15-22 Landwork新宿ビル4F,楽天,35.691356,139.709915,
Sunny,東京都新宿区西新宿7-9-15 新宿ダイカンプラザビズネス清田ビル504,楽天,35.694708,139.698321,
SunnyDays,東京都新宿区住吉町2-15 萩野ビル2階,楽天,35.691968,139.721231,
T BAR,東京都新宿区新宿3-9-7 T&T2ビルB1F,楽天,35.691498,139.70681,
takayoshi,東京都新宿区西新宿3-7-26 ハイネスロワイヤル506,楽天,35.684756,139.690575,
TeaMo,東京都新宿区高田馬場1-26-7,楽天,35.713093,139.70503,
Teamo新宿西口店,東京都新宿区西新宿1-2-12 DM西新宿1階,楽天,35.694948,139.700478,
TEARSLASH新宿店,東京都新宿区西新宿7-1-3 加藤ビル406,楽天,35.693963,139.699199,
Tener nail,東京都新宿区西新宿7丁目22-31 柏木MURA417,楽天,35.697027,139.696588,
THE ANNEX,東京都新宿区新宿2-14-11 フタミビル1階,楽天,35.690806,139.708856,
THE FOUR-EYED,東京都新宿区歌舞伎町2-8-2 パレドール歌舞伎町1F,楽天,35.695123,139.705941,
THE MEALS,東京都新宿区西新宿6-16-9,楽天,35.691354,139.687416,
TheGLEE,東京都新宿区神楽坂3-4 AYビルB1F,楽天,35.700737,139.740989,
theshiny,東京都新宿区百人町4-9-2 第2浅美ビル3F,楽天,35.70897,139.694299,
TiTO 新宿店,東京都新宿区新宿3-8-9 平生ビルディング6階,楽天,35.690637,139.706672,
toiro hair,東京都新宿区新宿1-5-4 YKBマイクガーデン1F,楽天,35.687997,139.711028,
TOKYO GIFTS 62,東京都新宿区西新宿2丁目8-1 東京都庁 第一本庁舎1階北側東京観光情報センター内,楽天,35.688408,35.688408,
TOKYO KEBAB 新宿店,東京都新宿区新宿4-2-25,楽天,35.688525,139.703145,
Tokyo Orchard,東京都新宿区新宿4-1-6 田畑ビル3F,楽天,35.688574,139.702591,
TokyoPorks,東京都新宿区市谷八幡町13 東京洋服会館ビルB1F,楽天,35.69196,139.733834,
ToRa1.2.3.カフェ,東京都新宿区中井1-1-12,楽天,35.715965,139.685908,
TORANOKO,東京都新宿区四谷三栄町6-14 寿ビル1F,楽天,35.6882,139.724859,
TumbleBug,東京都新宿区新宿2-14-11 フタミビル2階203号室,楽天,35.690806,139.708856,
UHAUHA,東京都新宿区歌舞伎町1-27-2 ピア新宿ビル2F,楽天,35.695197,139.700543,
ULTRA CHOP,東京都新宿区神楽坂5-30 エムティティ神楽坂1階,楽天,35.70198,139.738169,
uncleuncool,東京都新宿区新宿2-18-10 新千鳥街2F,楽天,35.690981,139.708347,
UNDER GROUND,東京都新宿区歌舞伎町1-12-9 タテハナビル地下1E号室,楽天,35.695354,139.70262,
UNDERCOVER,東京都新宿区歌舞伎町2-27-9 アタックビル地下1階,楽天,35.695939,139.703174,
VALET.,東京都新宿区四谷1-1-6 アーバンビルサカス17-B1F,楽天,35.685477,139.728507,
VAMOS,東京都新宿区歌舞伎町1-23-14 第一メトロビル3F-DE室,楽天,35.694176,139.70099,
Vanilla,東京都新宿区高田馬場4-8-4 ORAGAビル2F-B,楽天,35.713607,139.703094,
VANSAN 新宿店,東京都新宿区西新宿7-9-13 石川ビル1F,楽天,35.694962,139.698413,
VECTOR BEER新宿御苑,東京都新宿区新宿1-36-5 新宿ホテルパークイン1F,楽天,35.690524,139.710207,
VEGA,東京都新宿区新宿2-7-2 サニーコーポ新宿204,楽天,35.689577,139.708372,
VeiL新宿西口店,東京都新宿区西新宿7-1-7 新宿ダイカンプラザA館401,楽天,35.69448,139.699089,
Venus Lash 新宿店,東京都新宿区新宿3-14-23 マヤビル4F,楽天,35.692239,139.705469,
Venus Spa,東京都新宿区北新宿1-24-11 ロイヤルパークス北新宿1074号,楽天,35.700018,139.692048,
vivodailystand,東京都新宿区百人町1-15-33,楽天,35.700033,139.698726,
W,東京都新宿区西新宿1-14-15 タウンウエストビル7階,楽天,35.68921,139.696559,
W,東京都新宿区新宿2-12-16 セントフォービル3階,楽天,35.690453,139.707898,
W Tokyo,東京都新宿区西新宿1-15-13 西新宿島田ビル4階,楽天,35.689305,139.697361,
Whistle CAFE,東京都新宿区西早稲田2-10-18 パティオ西早稲田,楽天,35.709619,139.714121,
whitening me,東京都新宿区西新宿7-1-7 新宿ダイカンプラザA館1107,楽天,35.69448,139.699089,
wine&whiskyBARW,東京都新宿区西新宿7-22-31 柏木MURAM108,楽天,35.697037,139.696589,
WineBar ESTASI,東京都新宿区高田馬場2-19-8 メゾンエスティ1F,楽天,35.714409,139.704731,
WithGreen新宿三丁目店,東京都新宿区新宿3-1-17 山本ビル1F,楽天,35.690528,139.704763,
WithGreen神楽坂店,東京都新宿区神楽坂3-2 桐信エステートビル2階,楽天,35.701441,139.740494,
withNail,東京都新宿区新宿5-11-25 アソルティ新宿五丁目401号,楽天,35.692807,139.707981,
WOOD BAR cabana,東京都新宿区歌舞伎町1-12-14 1階,楽天,35.694962,139.702345,
WWS 新宿三丁目店,東京都新宿区新宿3-15-16,楽天,35.692674,139.703893,
Y･S･Q,東京都新宿区新宿2-12-1 渡辺ビル1階,楽天,35.690666,139.708318,
YAKITORI 葵,東京都新宿区神楽坂5-43-2 ROJI神楽坂B1F,楽天,35.70225,139.739397,
YOTSUYA BREWERY,東京都新宿区四谷1-8 中川ビル1F,楽天,35.686508,139.728743,
Yourire,東京都新宿区下落合2丁目1-8,楽天,35.717227,139.704429,
YUBUNE,東京都新宿区新宿5-10-1 第二スカイビル101,楽天,35.691974,139.708445,
yukai,東京都新宿区市谷台町2-3 澁谷第一マンション1A,楽天,35.692837,139.720349,
ZAPPII,東京都新宿区新宿2-14-7 DKY16ビル5Ｆ,楽天,35.690688,139.708518,
アーユルヴェーダサロンアニラ,東京都新宿区西新宿6-26-11 1101,楽天,35.695577,139.688568,
あいさぽ新宿本店,東京都新宿区新宿3-35-3 森治ビル３階,楽天,35.689835,139.702857,
アイミュージックバー,東京都新宿区歌舞伎町2-28-15 サチビル2階A号室,楽天,35.696307,139.703517,
アイラッシュサロン DOOR,東京都新宿区歌舞伎町1-8-1 佐藤ビル4階,楽天,35.694166,139.702997,
アイラッシュサロン新宿,東京都新宿区北新宿3-5-6 A棟1F,楽天,35.702971,139.693187,
あぅん下落合整体療術院,東京都新宿区下落合4-21-12,楽天,35.721528,139.696415,
アオイ歯科医院,東京都新宿区西新宿4-15-21 銀杏館101,楽天,35.689686,139.687674,
あおぞらクリニック新宿院,東京都新宿区新宿3-18-1 しんじゅく一色ビル6階,楽天,35.692143,139.702457,
あけぼの行政書士法人新宿事務所,東京都新宿区住吉町6-3 ヤマギシコーポラス402,楽天,35.692659,139.722099,
アサトキト,東京都新宿区市谷砂土原町2-7-19 田中保全ビル101,楽天,35.696044,139.735576,
アジアンダイニングカラシュ,東京都新宿区西新宿1-19-11 7F,楽天,35.688343,139.696605,
アジアンタワン神楽坂店,東京都新宿区神楽坂5-30 MTTビル2F,楽天,35.701923,139.738428,
アジアンパーム,東京都新宿区箪笥町13番地 グローバル新神楽坂ビル1階,楽天,35.70049,139.734364,
あじゃら,東京都新宿区新宿2-15-8,楽天,35.690958,139.708989,
アショカ 新宿本店,東京都新宿区西新宿6-6-2 新宿国際ビルB1Ｆヒルトン東京,楽天,35.692762,139.690524,
アストロデザインオブヘアー,東京都新宿区高田馬場4-9-18,楽天,35.71324,139.703073,
あたぼう鮨,東京都新宿区荒木町9番地 正起ビル1F,楽天,35.689858,139.722144,
あたまのオアシス四谷三丁目店,東京都新宿区四谷3-8 三橋萬寿ビル6F,楽天,35.687818,139.720543,
アトム･スケート,東京都新宿区高田馬場4-10-16,楽天,35.712866,139.703069,
アトリエ ビアン,東京都新宿区馬場下町14-8,楽天,35.706026,139.718586,
アトリエティーラッツ,東京都新宿区西新宿4-4-15 コマUD21-1F,楽天,35.689873,139.685191,
アピア均整院,東京都新宿区高田馬場1-29-7 スカイパレスビル303,楽天,35.71068,139.704203,
アピエディ,東京都新宿区四谷3-7 かつ新ビル2階,楽天,35.688348,139.72083,
アフィリア･アスタリスク,東京都新宿区新宿3-9-5 ゴールドビル4階,楽天,35.691322,139.706763,
アフューワーズコーヒー,東京都新宿区新宿7-24-4 山口方1階(中),楽天,35.69843,139.710418,
アマルコルド,東京都新宿区新宿2-18-7 S3ビル1F,楽天,35.691036,139.708212,
アミューズメントバー シャルム,東京都新宿区歌舞伎町1-9-10 k'sビル二階Ｅ号室,楽天,35.694725,139.703351,
アメリカンダイニングホーミーズ,東京都新宿区高田馬場2-9-1,楽天,35.712014,139.707854,
あらた接骨院,東京都新宿区西早稲田3-24-5 102,楽天,35.713598,139.711881,
アンジェラ,東京都新宿区岩戸町23番,楽天,35.701604,139.738436,
アンジェラックス新宿店,東京都新宿区西新宿5-8-8 メゾンド新宿13階,楽天,35.691159,139.686824,
アンビカベジ＆ヴィーガンショップ,東京都新宿区百人町1-11-29 新大久保ARSビル1階,楽天,35.700221,139.699592,
イスタンブール,東京都新宿区中落合4-1-15,楽天,35.720007,139.687393,
イタリア料理 カンパニョーラ,東京都新宿区細工町3-18 山岸ビル202号,楽天,35.699708,139.733105,
いちぞう十二社店,東京都新宿区西新宿4-14-2 パルク西新宿101,楽天,35.690425,139.687425,
イッツ,東京都新宿区歌舞伎町2-45-2 第一常磐ビル1F,楽天,35.696403,139.700607,
イルソーレガット,東京都新宿区西新宿4-16-6 マルブン西新宿1F,楽天,35.689304,139.687365,
いろり酒場 さぶろく,東京都新宿区歌舞伎町2-20-11 第7本間ビル4F-C,楽天,35.697586,139.704099,
インテリアショップ あましん,東京都新宿区四谷2-4-18 1F,楽天,35.686734,139.726097,
ウィル,東京都新宿区高田馬場4-28-20 IKビル2F,楽天,35.712105,139.69942,
ウィンザーラケット新宿店,東京都新宿区西新宿1-3-15 栃木ビル1-2F,楽天,35.693346,139.69843,
ヴェイル スポーツ,東京都新宿区高田馬場1-33-3,楽天,35.711033,139.70328,
うえちゃん,東京都新宿区新宿2-16-3 第三宏和ビル301,楽天,35.691451,139.708429,
ヴェルデ,東京都新宿区下宮比町2-28 飯田橋ハイタウン922,楽天,35.703607,139.743597,
ウェルネス,東京都新宿区西新宿7-14-9 規格ビル301,楽天,35.695336,139.696887,
ウォッチ･ホスピタル新宿店,東京都新宿区西新宿1-18-4 共新ビル3階,楽天,35.688672,139.698513,
うおや 坐唯杏 新宿御苑店,東京都新宿区新宿2-15-2 岩本和栽ビル1F,楽天,35.690461,139.709656,
うさぎや,東京都新宿区西落合2-7-17,楽天,35.720379,139.678673,
うなぎ たかだ,東京都新宿区原町3丁目9,楽天,35.699672,139.722241,
うま煮や,東京都新宿区百人町1-24-8 新宿タウンプラザ2階,楽天,35.698662,139.697803,
うめの花器店,東京都新宿区舟町1番地,楽天,35.688984,139.720521,
エアコン総本舗早稲田店,東京都新宿区早稲田鶴巻町390 久田ビル1階,楽天,35.70987,139.727311,
エジプト屋,東京都新宿区三栄町1番地 堀内ビル2F,楽天,35.687476,139.727404,
エタベックトワ,東京都新宿区新宿2-15-28 新宿丸正ビル2A,楽天,35.690704,139.709871,
エメグリ,東京都新宿区新宿2-15-10 第一天香ビル203,楽天,35.690979,139.708904,
オイスタ,東京都新宿区歌舞伎町1-13-7 コマビル1F,楽天,35.694563,139.702576,
オイスターハウス 牡蠣tare,東京都新宿区西新宿7-6-9 コンフォートセゾン101,楽天,35.697833,139.697923,
おかめ工房,東京都新宿区中落合1-17-12 清水ビル1階,楽天,35.715536,139.688146,
おくがわ整体院,東京都新宿区西新宿8-19-1 小林ビル612号,楽天,35.695378,139.690646,
おさかな食道 いろ川,東京都新宿区高田馬場1-26-5 FIビルB1,楽天,35.712865,139.704903,
おすすめ家,東京都新宿区新宿3-36-13 Mビル4F,楽天,35.690537,139.702086,
オステリア ピノッキオ,東京都新宿区四谷2-3-19 四谷大新ビル1F,楽天,35.687103,139.726645,
おそうじ革命 新宿四谷外苑店,東京都新宿区若葉3-2ライトコート四谷309,楽天,35.682846,139.724649,
おそうじ本舗 神楽坂店,東京都新宿区東五軒町3-21,楽天,35.705806,139.74039,
おねぎや 新宿店,東京都新宿区新宿3-10-5,楽天,35.691278,139.706104,
おはじき新宿,東京都新宿区西新宿7-12-24 第二小島ビルB1,楽天,35.693815,139.696953,
オフビート,東京都新宿区荒木町16-24 第二歯朶ビル1F,楽天,35.691482,139.724521,
オム,東京都新宿区新宿2-13-11 ライオンズマンション新宿御苑B1-No3,楽天,35.690317,139.708737,
オレンジパブ,東京都新宿区新宿2-15-11 信田ビル201,楽天,35.690985,139.708794,
お酒のSPANA,東京都新宿区西新宿7-1-7 新宿ダイカンプラザA館423号室,楽天,35.69448,139.699089,
お茶の間キッチンカブトムシ,東京都新宿区上落合2-21-10,楽天,35.713703,139.686897,
お弁当TV新宿店,東京都新宿区荒木町23 船越ビル,楽天,35.691876,139.722712,
ガーリックチップス,東京都新宿区高田馬場1-31-8 ダイカンプラザ1階,楽天,35.710092,139.703175,
カールモール,東京都新宿区新宿1-34-13 貝塚ビル1F,楽天,35.69129,139.710873,
カギの救急車新宿店,東京都新宿区西新宿6-26-9 宝栄成子坂ビル1階,楽天,35.69551,139.688458,
カサ･アルティスタ,東京都新宿区荒木町3-7 駒ビルB1,楽天,35.688936,139.722702,
カスミストア,東京都新宿区新宿1-19-2 平ビル1階,楽天,35.689492,139.712626,
かてい菜園ささ木,東京都新宿区下落合3-18-4,楽天,35.722766,139.703979,
かどやホテル,東京都新宿区西新宿1-23-1 かどやホテル,楽天,35.68977,139.696162,
カハラ四谷三丁目店,東京都新宿区四谷3-8-4 三橋ビル5F,楽天,35.687736,139.720612,
カフェ エニシダ,東京都新宿区北新宿4-28-11 ハピネス大町1階,楽天,35.707013,139.690647,
カフェ＆クラブナチュラル,東京都新宿区高田馬場1-22-7 富士高田馬場ビル2階,楽天,35.71063,139.704463,
カフェアンドバーティガー,東京都新宿区歌舞伎町1-4-11 レイゲンビル2階,楽天,35.694185,139.703499,
カメラの三光堂,東京都新宿区上落合2-19-6,楽天,35.714206,139.68702,
カモシカスポーツ本店,東京都新宿区高田馬場1-28-6,楽天,35.711729,139.704366,
カラ NET24 新宿三丁目店,東京都新宿区新宿3丁目13-5 新宿3丁目ビル5F,楽天,35.69216,139.703683,
からいや,東京都新宿区河田町6-28 ゴールドハイム101号,楽天,35.696522,139.718852,
ガランス,東京都新宿区西新宿7-16-6 森正ビルB1F,楽天,35.696123,139.697432,
カリーニョ,東京都新宿区荒木町1番地 中林ビル1階,楽天,35.689013,139.72173,
カリカ キッチン,東京都新宿区新宿5-11-23 八千代ビル1F,楽天,35.693042,139.707983,
カルネヤ,東京都新宿区南山伏町3-6 市ヶ谷NHビル1F,楽天,35.699013,139.729833,
カルビちゃん,東京都新宿区新宿3-23-11 KSビル2階,楽天,35.693402,139.701035,
カンビーフ,東京都新宿区新宿3-36-2 新宿キリンビルB2F,楽天,35.689908,139.701991,
きたまる,東京都新宿区歌舞伎町1-18-9 WaMAll歌舞伎町8F,楽天,35.694633,139.701648,
きっかわ,東京都新宿区高田馬場1-21-3,楽天,35.709165,139.704719,
キッチンミキ,東京都新宿区西早稲田1-20-10,楽天,35.710809,139.719203,
キトンブルー,東京都新宿区新宿3-8-2 クロスビル4階401,楽天,35.690673,139.706556,
クイック 新宿南口店,東京都新宿区西新宿1-18-6 山兼新宿ビル7F,楽天,35.688618,139.698284,
クエッション,東京都新宿区歌舞伎町1-1-9 ゴールデン街花園一番街,楽天,35.69383,139.704358,
くずし割烹 厨,東京都新宿区納戸町16-9,楽天,35.698241,139.733524,
くすだま,東京都新宿区神楽坂5-43-2 ROJI神楽坂ビル3F,楽天,35.70225,139.739397,
くすのき,東京都新宿区四谷1-9-4 フローラ四谷1階,楽天,35.686008,139.728078,
クッキーハウスS,東京都新宿区大久保1-4-15 SLビル,楽天,35.700899,139.706436,
グット ド レザン,東京都新宿区新宿1-19-11 クサマビルB1,楽天,35.689774,139.713018,
クラブ クォーレ,東京都新宿区歌舞伎町2-10-6 ピア新宿6階,楽天,35.695311,139.704629,
クラフトマン･マノー,東京都新宿区横寺町36-14,楽天,35.702298,139.735676,
グラムシュタイン,東京都新宿区大久保2-6-10 新宿第二アルプスマンションB1,楽天,35.701908,139.707821,
グランスール,東京都新宿区新宿3-11-6 エクレ新宿204,楽天,35.691924,139.706444,
グランドスラム,東京都新宿区高田馬場2-9-3 松本ビル1F,楽天,35.712198,139.707829,
クリーニングのサトウ 高田馬場店,東京都新宿区高田馬場3-22-1,楽天,35.712359,139.699272,
グリル＆バー エラバ,東京都新宿区四谷1-7 第3鹿倉ビルB1,楽天,35.686928,139.728515,
グルトンベール,東京都新宿区赤城下町32 小高ビル1階,楽天,35.706187,139.73283,
クレェ･デ･リヤン,東京都新宿区四谷2-8 エムス四谷101,楽天,35.68705,139.724837,
クロKOHAKU,東京都新宿区新宿3-6-4 楽屋ビル1F,楽天,35.691184,139.705665,
クローゼット,東京都新宿区高田馬場2-2-2,楽天,35.711755,139.709398,
くろねこピッツァ,東京都新宿区新宿2-15-28 新宿丸正ビル2階,楽天,35.690704,139.709871,
けんこうほうし整体院,東京都新宿区四谷3-1 ミカドビル2F,楽天,35.687804,139.722476,
コアファクトリー,東京都新宿区大京町29 作道ビル1F,楽天,35.682199,139.715492,
コーエー,東京都新宿区西早稲田3-1-6,楽天,35.709717,139.715643,
コーヒーハウス香りや,東京都新宿区西新宿7-20-12 柏木MURA2ビル1F,楽天,35.694673,139.695619,
ゴールデンバガン,東京都新宿区富久町8-20 カーサ富久町1F,楽天,35.69105,139.717402,
コスガ薬局,東京都新宿区大久保3-10-1,楽天,35.708633,139.704779,
こだわり商店,東京都新宿区西早稲田1-9-13 ダイヤハイツ西早稲田102,楽天,35.710835,139.720032,
こぼれ,東京都新宿区歌舞伎町1-6-3 東海苑ビル6階,楽天,35.693609,139.702554,
コミックバスター 市ヶ谷店,東京都新宿区市ヶ谷八幡町1-1 新高ビル4F,楽天,35.692412,139.735041,
コモレ四谷デンタル,東京都新宿区四谷1-6-1 CO･MO･REMall2F-208,楽天,35.687574,139.72922,
コルテーゼ市ヶ谷,東京都新宿区市谷薬王寺町70,楽天,35.69765,139.725847,
コロナ検査センター新宿,東京都新宿区歌舞伎町1-24-3,楽天,35.694402,139.700672,
コワーク東新宿店,東京都新宿区新宿7-26-7,楽天,35.698123,139.7097,
コンシェル歯科新宿本院,東京都新宿区西新宿2-4-1 新宿NSビル4階,楽天,35.688037,139.693513,
ご馳走や叶え 神楽坂店,東京都新宿区神楽坂3-6-19 青柳LKビルB1,楽天,35.701116,139.740548,
ザ･クルラホーン,東京都新宿区歌舞伎町1-14-3 第103東京ビル5F,楽天,35.694414,139.701952,
ザ･チキン&Cookeasy,東京都新宿区百人町3丁目1-6 西戸山タワーホームズ地下1階E号室,楽天,35.705953,139.700673,
サイクルショップREGALO,東京都新宿区下落合1-5-18 メゾンシャルモン107,楽天,35.715887,139.700764,
サイクルショップいしい,東京都新宿区中落合1-17-7,楽天,35.715746,139.688258,/
サイクルスポット市ヶ谷店,東京都新宿区市谷田町3-1-4,楽天,35.69566,139.738534,
サイクルスポット西早稲田店,東京都新宿区西早稲田2-21-4,楽天,35.710233,139.709797,
さかなとおやさい くすだま,東京都新宿区納戸町15-8,楽天,35.698326,139.733631,
サグーン,東京都新宿区新宿5-1-1 ロ－ヤルマンションビルB1F,楽天,35.691625,139.712331,
さくら薬局,東京都新宿区北新宿1-1-20 三信ビル1F,楽天,35.698165,139.697213,
さけの実,東京都新宿区四谷3-1-12 栗原ビル1F「さけの実」,楽天,35.687819,139.722067,
サヌール新宿店,東京都新宿区市谷薬王寺町53 薬王寺ビル4F,楽天,35.695705,139.72469,
サバイサバイ,東京都新宿区西新宿7-19-18 セードル新宿ハイツ104,楽天,35.695137,139.696455,
サブカルカフェバー ぷるきゅー,東京都新宿区歌舞伎町1-3-15 ザ･カテリーナビル5F A-3,楽天,35.694532,139.703857,
サライケバブ 高田馬場さかえ通り,東京都新宿区高田馬場3-4-19 1F,楽天,35.714487,139.703227,
サライケバブ 高田馬場早稲田通り,東京都新宿区高田馬場4-8-8,楽天,35.713676,139.703565,
ザロイヤルスコッツマン,東京都新宿区神楽坂3-6-28 土屋ビル1階,楽天,35.700861,139.739843,
サワディーショップ,東京都新宿区西新宿7-12-14,楽天,35.694271,139.696147,
ザワンアジアンレストラン＆バー,東京都新宿区新宿1-11-7,楽天,35.688463,139.713602,
サンワ,東京都新宿区上落合1-24-10,楽天,35.714032,139.690738,
シーネスレホテル 管理用,東京都新宿区高田馬場4-8-9 NY企画ビル3F,楽天,35.713445,139.703547,
ジェシカフェ,東京都新宿区西新宿7-12-12 サギヤビル301,楽天,35.694111,139.696052,
しまパパ工房,東京都新宿区下落合4-4-16,楽天,35.718135,139.695191,
しゃぶしゃぶかがやき,東京都新宿区下落合1-6-8 ストークマンション1階,楽天,35.715886,139.700205,
しゃぶ屋,東京都新宿区神楽坂4-4 2階,楽天,35.702208,139.739928,
シャロンヒール,東京都新宿区大久保2-7-5 共栄ビル2F-7号,楽天,35.70125,139.70712,
じゃんぱら 新宿2号店,東京都新宿区西新宿1-16-13 桑原ビル2F,楽天,35.689329,139.698006,
じゃんぱら 新宿店,東京都新宿区西新宿1-14-17 QueensNSビル2F,楽天,35.689262,139.696862,
じゃんぱら 新宿東口店,東京都新宿区歌舞伎町1-17-1 栗田ビル1F,楽天,35.693889,139.701316,
ジュー ドゥ マルシェ,東京都新宿区四谷坂町12-11 BITEN1F,楽天,35.691624,139.726078,
シューズプラスホリコシ,東京都新宿区西新宿7-5-20 新宿旭ビル1階,楽天,35.697776,139.698297,
シュート,東京都新宿区新宿2-14-14 第3藤原ビル3階,楽天,35.690742,139.709302,
シュラスコ＆ラクレットダイニング,東京都新宿区歌舞伎町1-6-14 第2ショーリビル4F,楽天,35.69371,139.702825,
ラ･ボーネ新宿駅前店,東京都新宿区歌舞伎町1-6-14 第2ショーリビル4F,楽天,36.69371,140.702825,
しょう吉,東京都新宿区市谷田町1-2 マツシタビルB1,楽天,35.69268,139.735182,
ジョンノホルモン物語,東京都新宿区大久保1-12-6 2階,楽天,35.698401,139.702749,
ジョンノ新大久保店,東京都新宿区百人町1-7-16 フォーラム新大久保1F･2F,楽天,35.701241,139.700998,
シルクロードタリム,東京都新宿区西新宿3-15-8 103,楽天,35.683921,139.68967,
スーパーみらべる 中井店,東京都新宿区上落合3-5-16,楽天,35.712518,139.685269,
すし処海勢,東京都新宿区市谷柳町25 F&SSビル,楽天,35.698881,139.726432,
すし茶屋吟遊,東京都新宿区矢来町110,楽天,35.70412,139.73261,
スタジオワークル新宿,東京都新宿区西新宿7-16-7 フジビル21,楽天,35.696315,139.697516,
スタジオワークル新宿御苑,東京都新宿区四谷4-32-4 B1B2,楽天,35.689683,139.714916,
ステーキパンドラ,東京都新宿区西新宿1-13-3 西新ビル2階,楽天,35.689564,139.696913,
スナック Kame,東京都新宿区舟町4-3 メゾンド四谷2階,楽天,35.689244,139.72166,
スパイスヘブン,東京都新宿区西新宿3-7-1 新宿パークタワーB1,楽天,35.685427,139.690839,
スピガ飯田橋店,東京都新宿区下宮比町3-1,楽天,35.702938,139.743376,
スプーンコミュニティ,東京都新宿区新宿1-31-7 12F,楽天,35.690334,139.711335,
スペインバル オブラ 四ツ谷店,東京都新宿区四谷1-8-8 佐伯千成ビル1F,楽天,35.686552,139.728318,
スペインバル リフレイン,東京都新宿区新宿3-20-1 島田ビルB1F,楽天,35.692838,139.702922,
スポーツ居酒屋サラ,東京都新宿区信濃町34番地  トーシンビル地下1F,楽天,35.680736,139.719661,
スマートショット新宿,東京都新宿区新宿5-15-6 新宿光陽ビル103,楽天,35.694011,139.707124,
スマイルプラスD.C.,東京都新宿区片町3-5 シラキュウスウエスト101,楽天,35.691852,139.72514,
スマホスピタル高田馬場,東京都新宿区高田馬場2-14-8 竹内ビル4階,楽天,35.71294,139.706212,
するりUDON DINING,東京都新宿区歌舞伎町1-2-9 シタディーンセントラル新宿東京2F,楽天,35.694386,139.704224,
セイヨウドウ,東京都新宿区大京町13,楽天,35.684541,139.717052,
セオサイクル 高田馬場店,東京都新宿区高田馬場4-41-7 101,楽天,35.70971,139.694282,
セラヴィーナガノ,東京都新宿区新宿2-8-10 ニッシンビルB1F,楽天,35.689395,139.708646,
セルフィール新宿,東京都新宿区西新宿8-15-15 カトルセゾン502号室,楽天,35.69605,139.691663,
セルフケア薬局新宿店,東京都新宿区新宿2-9-1 第31宮廷マンション102号室,楽天,35.689377,139.709783,
セレクション,東京都新宿区西新宿7-22-38 興亜ビル1階,楽天,35.696173,139.696136,
セレクションインターナショナル,東京都新宿区西新宿7-22-37,楽天,35.696281,139.696357,
セレクションバスケ･アメフト館,東京都新宿区西新宿7-18-5 VORT西新宿ビル101,楽天,35.695869,139.696367,
セントラルフラワー,東京都新宿区西早稲田2-20-5,楽天,35.708831,139.709607,
そば居酒屋太閤,東京都新宿区大久保3-9-5 西大久保アパート5号棟116,楽天,35.70862,139.703871,
そば処福助,東京都新宿区西新宿4-15-21,楽天,35.689558,139.687681,
ソムオー新大久保店,東京都新宿区百人町1丁目11-24,楽天,35.700955,139.699761,
ダーツカフェ リング歌舞伎町店,東京都新宿区歌舞伎町1-17-12 第1浅川ビル8階,楽天,35.694099,139.701451,
ターリー屋新宿西口店,東京都新宿区西新宿1-13-12 西新宿昭和ビル1階,楽天,35.689855,139.696684,
ダイニングバークローバー,東京都新宿区四谷4-13-7 清水ビル1F,楽天,35.688492,139.717627,
ダイニングバークロス,東京都新宿区歌舞伎町1-23-13 第一大滝ビルB1,楽天,35.694268,139.70102,
ダイワンテレコム高田馬場店,東京都新宿区高田馬場2-19-6 1F,楽天,35.713655,139.704572,
ダイワンテレコム新宿東南口店,東京都新宿区新宿3丁目35-6 新宿AUNビル5F,楽天,35.68969,139.702275,
タヴァサホビーハウス,東京都新宿区百人町二丁目18番8号,楽天,35.703905,139.698134,
たこ焼き酒場 なんでやねん！,東京都新宿区歌舞伎町2-9-15 ダイヤモンドパレス112号室,楽天,35.695702,139.705476,
たこ焼き酒場WooMaQoo,東京都新宿区新宿5-8-21 サンジュリビル1階,楽天,35.692556,139.709138,
タスクデンタルオフィス,東京都新宿区高田馬場1-1-13 セントエルモ西早稲田1F,楽天,35.709302,139.709087,
ダブルエイト,東京都新宿区歌舞伎町1-2-14 コリンズ15･6F,楽天,35.694852,139.704521,
たもいやんせ新宿店,東京都新宿区西新宿7丁目10-12 KKDビル1F,楽天,35.694142,139.698211,
ダリアスネイルサロン,東京都新宿区神楽坂6-19,楽天,35.703237,139.736735,
ダンシングクラブ,東京都新宿区新宿3-37-12 新宿NOWAビル2階,楽天,35.690391,139.70136,
チーズと和牛 夢本舗,東京都新宿区西新宿7-15-5 佐奈ビル2F,楽天,35.695379,139.69726,
チーズと和牛きこりのお家西新宿,東京都新宿区西新宿7-5-5 プラザ西新宿2F,楽天,35.696476,139.698489,
チェリーボンボン,東京都新宿区新宿7-20-10,楽天,35.7007,139.709786,
チェルト ワイン＆ダイニング,東京都新宿区須賀町1-26,楽天,35.687542,139.722656,
ちちんぷいぷい,東京都新宿区新宿2-18-1 第7天香ビル8階,楽天,35.690781,139.708276,
ちびっこ Gang,東京都新宿区新宿2-10-3 セブンフタミビル3F,楽天,35.689845,139.708238,
チヒロネイル,東京都新宿区高田馬場4-8-2,楽天,35.713404,139.703301,
ちゃんこ黒潮,東京都新宿区神楽坂3-6-3 ヒルトップビル1F,楽天,35.701247,139.739623,
つけ麺えん家,東京都新宿区西早稲田1-9-8,楽天,35.710259,139.720416,
つるやゴルフ 西新宿店,東京都新宿区西新宿3丁目2-26,楽天,35.687121,139.693687,
ティアレ神楽坂,東京都新宿区神楽坂5-32 近江屋ビル3F,楽天,35.701819,139.738693,
ティーヌン西早稲田本店,東京都新宿区西早稲田2-18-25 横川ビル,楽天,35.710602,139.711974,
デュース,東京都新宿区上落合2-20-6,楽天,35.714225,139.686797,
テラフィあけぼの橋,東京都新宿区住吉町8-6 野村ビル1F,楽天,35.692983,139.723463,
デンタルクリニック神楽坂,東京都新宿区神楽坂3-4-1 神楽坂山本ビル1階,楽天,35.70092,139.741057,
テンポス新宿店,東京都新宿区戸山3-15-1,楽天,35.704497,139.709309,
トイホビーカネモ,東京都新宿区中落合2-1-10 カネモビル目白西101,楽天,35.722256,139.69342,
トゥビィリンクス 新宿スタジオ,東京都新宿区大久保2-25-8,楽天,35.701692,139.703815,
トータルボディケア ユズ,東京都新宿区新宿1-9-4 中公ビル御苑グリーンハイツ804,楽天,35.688465,139.712231,
トータルワーク株式会社,東京都新宿区歌舞伎町2-36-3 アシベ会館2F,楽天,35.695905,139.702413,
トータルワーク新宿店,東京都新宿区歌舞伎町2-36-3 アシベ会館1F,楽天,36.695905,140.702413,
トーチバー,東京都新宿区新宿2-7-2 サニーコーポ1F,楽天,35.689577,139.708372,
とめ手羽 新宿店,東京都新宿区新宿5-18-20 ルックハイツ新宿2F,楽天,35.694053,139.706431,
とめ手羽 飯田橋店,東京都新宿区揚場町2-27 MIT飯田橋ビル2F,楽天,35.702347,139.743294,
ドラゴーネ 曙橋店,東京都新宿区住吉町2-18,楽天,35.69219,139.721531,
ドラゴーネ 四谷店,東京都新宿区四谷2-11,楽天,35.687267,139.724758,
とらじ亭,東京都新宿区上落合1-16-1,楽天,35.71571,139.694289,
トリアノン洋菓子店 大久保店,東京都新宿区百人町1-18-9,楽天,35.701714,139.695681,
とりしん,東京都新宿区揚場町2-27,楽天,35.702319,139.743294,
とり処,東京都新宿区新宿4-2-9,楽天,35.689358,139.702803,
ドルチェ楽器 東京店,東京都新宿区西新宿1-13-12 西新宿昭和ビル8F,楽天,35.689855,139.696684,
トレイルストア,東京都新宿区弁天町178 大山ビル1F,楽天,35.70547,139.725473,
ドレスのフジタ,東京都新宿区内藤町1番地,楽天,35.683588,139.71575,
トロ,東京都新宿区西新宿7-13-7 B1,楽天,35.694661,139.69641,
とんかつ鈴新,東京都新宿区荒木町10番地28,楽天,35.689402,139.722498,
ナージュクリニカルサロン,東京都新宿区西新宿7-8-11 美笠ビル402,楽天,35.695657,139.698122,
ナイン整骨院,東京都新宿区西新宿1-18-4 共新ビル6F,楽天,35.688672,139.698513,
なかよし,東京都新宿区新宿2-16-3 第三宏和ビル201,楽天,35.691451,139.708429,
なつめ薬局 高田馬場店,東京都新宿区高田馬場二丁目14番27号 高橋ビル1階,楽天,35.713041,139.707254,
ナマステヒマール 西新宿店,東京都新宿区西新宿4-16-3 西新宿マンション101,楽天,35.689374,139.687545,
ナマステヒマール 早稲田店,東京都新宿区早稲田鶴巻町518-1 第8IKビル1階,楽天,35.707947,139.722777,
ナマステ 高田馬場店,東京都新宿区高田馬場2-5-20,楽天,35.710379,139.703925,
ナンカレー,東京都新宿区高田馬場3-37-1 大庭ビル1F,楽天,35.710027,139.694436,
にいがたあかね屋ねこにごはん,東京都新宿区高田馬場1-33-6,楽天,35.711304,139.703615,
にーぶい,東京都新宿区新宿2-12-16 セントフォービルB102A,楽天,35.690453,139.707898,
ニュースサービス日経 四谷,東京都新宿区荒木町21,楽天,35.691257,139.722514,
ニュースサービス日経 市ケ谷,東京都新宿区納戸町26,楽天,35.697572,139.732273,
ニュースサービス日経 新宿,東京都新宿区百人町1-23-2,楽天,35.698551,139.697312,
ニュースサービス日経 早稲田,東京都新宿区高田馬場4-33-7,楽天,35.709001,139.697283,
ニュースサービス日経 目白,東京都新宿区下落合3-20-20,楽天,35.722953,139.702728,
ニュースサービス日経 落合,東京都新宿区西落合2-9-10,楽天,35.720086,139.677857,
ネイルサロンCarla,東京都新宿区神楽坂3-2-38 林ビル401,楽天,35.701713,139.74069,
ネオアローム,東京都新宿区新宿1丁目9-2 日南貿易ビル1F,楽天,35.688424,139.712559,
ねこの郵便局というなまえのお店,東京都新宿区矢来町162,楽天,35.704232,139.735356,
ネスティ東京池袋01,東京都新宿区下落合3-1-16 サエラ目白ビル201号室,楽天,35.721268,139.705486,
ネネチキン,東京都新宿区大久保1-12-6 1F,楽天,35.698344,139.702735,
ネネチキン3号店,東京都新宿区百人町1-1-28 第1高橋ビル,楽天,35.698366,139.701959,
ノーミートノーライフ クワトロ,東京都新宿区歌舞伎町1-13-10 一草堂ビル2F,楽天,35.69438,139.702622,
ノーミートノーライフ.1st.,東京都新宿区歌舞伎町1-11-1 中野ビル2F,楽天,35.694677,139.702761,
ノーミートノーライフ2nd,東京都新宿区歌舞伎町1-13-10 一草堂ビル1階,楽天,37.69438,141.702622,
ノーミートノーライフ3rd,東京都新宿区歌舞伎町1-13-10 一草堂ビル2階3階,楽天,38.69438,142.702622,
ノーミートノーライフ5go,東京都新宿区西新宿7-16-4 Concierge高橋1F,楽天,35.695949,139.69734,
ノストス･ザ･サード,東京都新宿区新宿3-11-12 永谷テイクエイト203,楽天,35.691698,139.70669,
の弥七,東京都新宿区荒木町2-9 MIT四谷三丁目ビル1F,楽天,35.688589,139.722403,
バー ウルシャンティ,東京都新宿区歌舞伎町1-15-8 ウイングスビル701号,楽天,35.694203,139.702153,
バーH&M,東京都新宿区新宿2-15-9 1階1L,楽天,35.691067,139.709107,
バーチップイン,東京都新宿区荒木町8 カインドステージ四谷三丁目102,楽天,35.689808,139.721908,
ハートの小径,東京都新宿区神楽坂3-1 サイレンス神楽坂1階,楽天,35.701925,139.74137,
バーネオマスカレード,東京都新宿区新宿2-16-8 新宿北斗ビルB1,楽天,35.691523,139.708609,
バーバーウテナ,東京都新宿区早稲田鶴巻町140 山崎ビル1階,楽天,35.707873,139.724983,
バール＝タラ,東京都新宿区信濃町34 トーシン駅前ビルB1,楽天,35.680736,139.719661,
バーンキラオ パラダイス,東京都新宿区新宿2-15-15 新宿ヤマトビル地下1F,楽天,35.691465,139.709012,
ぱいかじ 新宿南口店,東京都新宿区新宿4-1-9 新宿ユースビル3F,楽天,35.688923,139.702552,
バイクレンタル エムワン,東京都新宿区戸山1-1-10,楽天,35.701558,139.7188,
パソコンドック24新宿店,東京都新宿区新宿3丁目35-1 新宿まんがの森ビル,楽天,35.689868,139.703014,
パティスリーカオリヒロネ,東京都新宿区下落合3-20-1,楽天,35.722767,139.702712,
バナナライフ西落合店,東京都新宿区西落合4-17-14 ベルハイム西落合1F,楽天,35.727241,139.676717,
ハニー歯科,東京都新宿区西新宿4丁目39-13 ル･アンジュ1階,楽天,35.684997,139.686184,
パパラギダイビングスクール新宿,東京都新宿区西新宿7-2-10 栄立新宿ビル101号,楽天,35.695624,139.69893,
パブ＆スコッチ チェリオ,東京都新宿区四谷2-10 松本館B1,楽天,35.687619,139.725074,
パブスタ歌舞伎町2号店,東京都新宿区歌舞伎町1-23-15 SUZUYAビルディング10F,楽天,35.693967,139.700959,
パブリックスタンド歌舞伎町店,東京都新宿区歌舞伎町1-5-4 第22東ビルB1F,楽天,35.693513,139.702957,
パブ花花,東京都新宿区西新宿7-15-5 佐奈ビル地下1階,楽天,35.695379,139.69726,
ハラペコステーキ,東京都新宿区歌舞伎町2-21-5 三経20ビル1階,楽天,35.696413,139.703916,
パリュール西新宿ROSE店,東京都新宿区西新宿5-9-3 ライオネスコーポ201,楽天,35.691497,139.686413,
バリラックスザガーデン西新宿,東京都新宿区西新宿1-26-2 新宿野村ビル地下1階,楽天,35.692968,139.695317,
バルダイニングイッツ,東京都新宿区歌舞伎町2-45 11F,楽天,35.696387,139.700597,
ハングリーアイ新宿店,東京都新宿区歌舞伎町1-15-8 丸雄ビル2F,楽天,35.694209,139.70207,
バンコクスパイス新宿店,東京都新宿区西新宿1-14-4,楽天,35.68882,139.696873,
はんばーぐ ますお,東京都新宿区高田馬場1-29-6 野菊ビル1F,楽天,35.710624,139.704016,
ビーラボ 高田馬場早稲田口店,東京都新宿区高田馬場3-12-5 セブンビル3F,楽天,35.694756,139.698297,
ビール酒場クラフトカンパニー,東京都新宿区住吉町8-20 四谷ヂンゴビル102,楽天,35.693106,139.72141,
ピカソ,東京都新宿区百人町1-23-21 2階,楽天,35.699658,139.697664,
ピカソ 高田馬場店,東京都新宿区高田馬場2-14-6 スワンビルB1,楽天,35.712721,139.706539,
ひかり薬局,東京都新宿区大久保2-6-17,楽天,35.701208,139.707906,
ピザーラ 四ツ谷店,東京都新宿区荒木町20 インテック88ビル1F,楽天,35.690812,139.722643,
ピザーラ 新目白店,東京都新宿区西早稲田3-31-8,楽天,35.714042,139.712629,
ひじり屋,東京都新宿区西新宿6丁目16-12,楽天,35.69164,139.687341,
ビストロリーベ,東京都新宿区新宿三丁目9番5号 ゴールドビル4FA,楽天,35.691339,139.706748,
ひな薬局,東京都新宿区百人町2-6-7,楽天,35.703933,139.700059,
ヒマラヤ,東京都新宿区大久保二丁目3番10号 ヒューマンRビル地下1階,楽天,35.704441,139.708787,
ファイブスター,東京都新宿区新宿1丁目28-9 新宿高山ビル2F,楽天,35.690985,139.712664,
ファス美容室,東京都新宿区新宿1丁目20-6,楽天,35.689131,139.71219,
ファンクションデザイン,東京都新宿区西新宿1-4-8 第3加藤ビル5階,楽天,35.692973,139.698189,
フェリスネイルスクール東京校,東京都新宿区西新宿7-17-14 新宿シティ源共同ビル1階,楽天,35.696407,139.697302,
ふくねこ堂,東京都新宿区神楽坂4-3,楽天,35.701784,139.740024,
ふしきの,東京都新宿区神楽坂4-3-11 神楽坂つなしょうテラス2階,楽天,35.701978,139.740045,
ブタに真珠カフェ,東京都新宿区西落合1-3-10 101,楽天,35.722323,139.684264,
プティ アニモー,東京都新宿区西新宿4-4-15 マストライフ西新宿901,楽天,35.689923,139.685051,
ブティック タカミ,東京都新宿区神楽坂5-11,楽天,35.702101,139.738608,
ブティック リーフ,東京都新宿区左門町13-1 四谷弁護士ビル1F,楽天,35.686737,139.719983,
プラカイルン神楽坂,東京都新宿区神楽坂5-32 近江屋ビル５階,楽天,35.70182,139.738697,
フラット,東京都新宿区上落合1-16-2 クレヨンオチアイB1F,楽天,35.715545,139.694241,
フラワーショップマスダ小滝橋店,東京都新宿区高田馬場3-37-4,楽天,35.709843,139.69404,
フラワーショップマスダ本店,東京都新宿区高田馬場3-33-2,楽天,35.7115,139.696389,
ブリーズブロンズストア,東京都新宿区早稲田鶴巻町555,楽天,35.704384,139.732455,
プリズム,東京都新宿区歌舞伎町1-8-3 良川ビルV2F,楽天,35.69428,139.703204,
フルール杏樹,東京都新宿区四谷1-21 戸田ビル1F,楽天,35.686348,139.727432,
フローリスト カノシェ,東京都新宿区住吉町8番18号,楽天,35.692979,139.721471,
プロジェクト･エス,東京都新宿区四谷4-8,楽天,35.687779,139.716299,
プロショップセントラル,東京都新宿区百人町1-17-5 メゾンオグラ105,楽天,35.70126,139.69739,
ブロンクス,東京都新宿区神楽坂3-2 ナカノビル1階,楽天,35.701497,139.740458,
フロンティア歯科,東京都新宿区四谷1-19 第一上野ビル8階,楽天,35.686644,139.727837,
ヘア ビューティーサロン Ｙ,東京都新宿区歌舞伎町2-19-16 YKKビル2F,楽天,35.697916,139.704827,
へあー あらい,東京都新宿区余丁町6-35,楽天,35.695929,139.714901,
ヘアサロンアネラ,東京都新宿区歌舞伎町1-18-10 吉川ビル4F,楽天,35.69456,139.701567,
へアンドメイクリー,東京都新宿区歌舞伎町2-22-8 第八金嶋ビル4F,楽天,35.696201,139.703792,
ベースポイント,東京都新宿区西新宿7-22-3 BPビル,楽天,35.695027,139.695231,
へぎそば昆 高田馬場店,東京都新宿区高田馬場1-34-14 山崎ビル2階,楽天,35.711777,139.704113,
へぎそば昆 新宿本店,東京都新宿区新宿2-13-11 ライオンズマンション1Ｆ,楽天,35.690317,139.708737,
ベクタービアファクトリー,東京都新宿区新宿1-36-7 川本ビル1F,楽天,35.69077,139.710243,
ベジタガーデン 高田馬場店,東京都新宿区高田馬場一丁目30番8号,楽天,35.710041,139.703783,
ヘッドコンシェルジュ 新宿店,東京都新宿区西新宿1-4-10 ACN新宿ウエストビルディング9F,楽天,35.693019,139.697898,
ポジティブ居酒屋思いやり,東京都新宿区西新宿7-17-5 B1F,楽天,35.696581,139.696751,
ボックスゴルフ,東京都新宿区新宿4-3-15 レイフラットB館2F,楽天,35.688483,139.703612,
ポップスキン,東京都新宿区大久保1-17-3 大久保ガーデンハイム1-C,楽天,35.698831,139.702646,
ボディケアCABICURE,東京都新宿区新宿2-11-4 ストークビル長崎3F,楽天,35.690263,139.707269,
ほてい治療院,東京都新宿区西新宿3-15-5 ライオンズマンション西新宿517,楽天,35.684121,35.684121,
ホテルたてしな,東京都新宿区新宿5-8-6,楽天,35.692288,139.709014,
ホンダドリーム新宿,東京都新宿区下落合4-1-2,楽天,35.716696,139.698512,
マーキレー,東京都新宿区山吹町354 うの山吹3F,楽天,35.70936,139.728429,
まこんち,東京都新宿区新宿2-4-1 104号,楽天,35.688749,139.708282,
マショマショ,東京都新宿区高田馬場2-8-4 AUビル2階,楽天,35.711972,139.708395,
マダムギア,東京都新宿区新宿1-17-16 遠藤ビル1F,楽天,35.689381,139.712052,
マハロ,東京都新宿区新宿1-18-13 協建新宿1丁目ビルB1,楽天,35.689939,139.711841,
マムシアンドブロス,東京都新宿区歌舞伎町2-38-2 第二メトロビル2FC室,楽天,35.696354,139.702057,
みかわや,東京都新宿区下落合3-22-16,楽天,35.72244,139.700064,
みそらーめん おかじん2,東京都新宿区西早稲田3-13-2 1F,楽天,35.709942,139.714358,
みやび鍼灸院,東京都新宿区西新宿7-8-11 美笠ビル501,楽天,35.695657,139.698122,
ミュージカルドッグスタジオ,東京都新宿区余丁町14-5 ミュージカルドッグビル,楽天,35.695508,139.716746,
ミリタリー将,東京都新宿区市谷八幡町14 市ヶ谷中央ビル1階A号,楽天,35.69215,139.734341,
むつ美花店,東京都新宿区北新宿2-20-1 グランドテラス新宿1F,楽天,35.696818,139.687619,
むつ美花店 新宿6丁目店,東京都新宿区新宿6-17-13,楽天,35.695612,139.712681,
メガネのスエナガ,東京都新宿区下落合3-17-32,楽天,35.722531,139.703901,
メディカルチェックスタジオ新宿,東京都新宿区新宿3-5-6 キュープラザ新宿三丁目2F,楽天,35.691632,139.705486,
メディケアスキンラボ,東京都新宿区西新宿1-14-10 西新宿ビル5F,楽天,35.688647,139.696674,
メディケア治療院,東京都新宿区西新宿1-13-7 大和家ビル7階,楽天,35.689476,139.696643,
メンズ脱毛ｄａｔｓ！新宿店,東京都新宿区新宿2-6-11 カスタリア新宿406,楽天,35.689872,139.707529,
メンズ脱毛ｆｉｇｏ,東京都新宿区大久保1-11-1 大森ビル4F,楽天,35.698505,139.704325,
もうやんカレー,東京都新宿区西新宿6-25-14 第二仲川ビル1F,楽天,35.695081,139.688182,
もうやんカレー大忍具,東京都新宿区西新宿8-19-2 西新宿ＴＫビル1F,楽天,35.695404,139.690601,
もうやんカレー利瓶具,東京都新宿区西新宿6-25-14 第二仲川ビル1F,楽天,37.695081,141.688182,
モダミカアートプラザ,東京都新宿区高田馬場1-34-12,楽天,35.711969,139.704182,
モック,東京都新宿区新宿2-7-6 リプルフタミビル1階,楽天,35.689768,139.707906,
もとしょっぷ 神楽坂,東京都新宿区筑土八幡町2-5,楽天,35.703503,139.740228,
モノスタ早稲田,東京都新宿区戸塚町1-102 TKビル1F,楽天,35.707644,139.72114,
もふもふ,東京都新宿区新宿2-10-2 江花ビル3F,楽天,35.689734,139.708432,
モミ楽館,東京都新宿区新宿3-31-5 ペガサス館202,楽天,35.690751,139.703751,
モム,東京都新宿区西新宿7-23-18 第3小林ビル2F,楽天,35.694464,139.694627,
もりもり,東京都新宿区住吉町8-17 村松ビル1F,楽天,35.693016,139.721654,
やきとり荒木山四谷店,東京都新宿区四谷1-6-1 コモレ四谷,楽天,35.687574,139.72922,
やきにく亭 六歌仙,東京都新宿区西新宿1-3-1 サンフラワービル6階,楽天,35.693368,139.698855,
やきにく亭 六歌仙 別館,東京都新宿区西新宿7-2-6 西新宿K-1ビルB1,楽天,35.695382,139.698636,
やき処 いろり,東京都新宿区神楽坂3-2-7 鳥忠ビル2F,楽天,35.701439,139.74032,
やすらぎ新宿店,東京都新宿区西新宿7-1-7 新宿ダイカンプラザA館516号,楽天,35.69448,139.699089,
ヤマモトコーヒー店,東京都新宿区新宿3-17-11,楽天,35.69231,139.702875,
やよい歯科クリニック,東京都新宿区弁天町23-1 弁天町イグレックビル2階,楽天,35.704403,139.726666,
ゆう彩,東京都新宿区新宿三丁目9-7 T&T2ビル6階,楽天,35.691498,139.70681,
ヨーロピアンバールアントレ,東京都新宿区高田馬場2-13-3 橘ビルB1F,楽天,35.712255,139.70737,
ラ･ヴィエード,東京都新宿区高田馬場3-3-2 MFビル8F,楽天,35.713893,139.702757,
ラ･カーブ･イデアル,東京都新宿区矢来町118 溝井ビル1F,楽天,35.70405,139.734201,
ラ･グラティチュード,東京都新宿区矢来町57,楽天,35.70401,139.732526,
ラパウザ 高田馬場店,東京都新宿区高田馬場1298 いちご高田馬場ビル1F,楽天,35.710866,139.704181,
ラパウザ 新宿NSビル店,東京都新宿区西新宿241 新宿NSビル29F,楽天,35.688031,139.693395,
ラパウザ 新宿伊勢丹前店,東京都新宿区新宿348 京王フレンテ新宿3丁目5F,楽天,35.690982,139.705189,
ラピスラズリ,東京都新宿区荒木町3-9 田村ビル2階,楽天,35.688746,139.722894,
ラビチュード,東京都新宿区南山伏町3-5 ウインコート神楽坂103号,楽天,35.698908,139.729712,
ラフィールリラクゼーションサロ,東京都新宿区西新宿7-5-5 プラザ西新宿308号,楽天,35.696476,139.698489,
ラムしゃぶ金の目 新宿店,東京都新宿区新宿3-11-6 エクレ新宿301,楽天,35.691924,139.706444,
ラム家 新宿富久町店,東京都新宿区富久町17-1,楽天,35.692291,139.712816,
リアル脱出ゲーム東新宿店,東京都新宿区大久保1-1-10 GUNKAN東新宿302,楽天,35.698441,139.705774,
リカーハウス静谷,東京都新宿区新宿3丁目6番3号 ISビル4階,楽天,35.69107,139.705618,
リストランテ アルベラータ,東京都新宿区神楽坂3-6 1F,楽天,35.701,139.740379,
リバイバー,東京都新宿区神楽坂2-20-1,楽天,35.700429,139.740422,
リモン,東京都新宿区下落合1-5-2 フラット新宿2-102号室,楽天,35.715965,139.701931,
リラクゼーションサロンチュナス,東京都新宿区四谷4-30-23 ビルド吉田402,楽天,35.68893,139.714479,
リリー 高田馬場,東京都新宿区高田馬場3-1-5,楽天,35.714482,139.704012,
ル、ロワズィール,東京都新宿区神楽坂3-2 山ノ内ビル1階,楽天,35.701302,139.740751,
ルクール神楽坂,東京都新宿区新小川町9-5,楽天,35.704459,139.741234,
ルサイク 四ツ谷店,東京都新宿区四谷2-9,楽天,35.687493,139.725696,
ルナホリスティックケア鍼灸治療,東京都新宿区下宮比町2-28 飯田橋ハイタウン534号室,楽天,35.703607,139.743597,
ルピアドール,東京都新宿区河田町6-24 ニューシティ河田1FB,楽天,35.697008,139.718464,
レコーディングスタジオやすろく,東京都新宿区西早稲田2-18-23 スカイエスタ608,楽天,35.710693,139.711703,
レコードショップゆうらしあ,東京都新宿区西新宿7-16-15 第一歯朶ビル2F,楽天,35.695787,139.697551,
レストラン シャンティ,東京都新宿区西新宿3-13-6 モリタコーポラス1F,楽天,35.684811,139.688341,
レストラン＆カフェ モア,東京都新宿区新宿6-14-1 新宿文化センター2F,楽天,35.695374,139.709355,
レッドリングレコード,東京都新宿区西新宿7-8-11 中川ビル2階B,楽天,35.695653,139.698044,
レンタル＆クリーニング,東京都新宿区西新宿7-9-6,楽天,35.695608,139.697775,
れんや四ツ谷店,東京都新宿区四谷1-7-15 山田ビルB1階,楽天,35.686644,139.728772,
ロイヤル,東京都新宿区歌舞伎町1-17-7 JA2F,楽天,35.694395,139.701363,
ローズファミリー 新大久保店,東京都新宿区百人町2-10-8 イニシャルアネックス203,楽天,35.701976,139.699664,
ローズファミリー高田馬場店,東京都新宿区高田馬場3-2-13 ドームスサニーヤナガワビル202,楽天,35.714385,139.703288,
ローズファミリー新大久保店,東京都新宿区百人町2-10-8 イニシャルアネックスビル203,楽天,35.701976,139.701363,
ろばた 肴町 五合,東京都新宿区神楽坂4-4,楽天,35.702198,139.739909,
ロミロミサロンムジーク,東京都新宿区下落合4-2-10 スカイコート高田馬場6-101E,楽天,35.716848,139.695951,
ワールドキッチン ハイジア,東京都新宿区高田馬場4-14-6 第一長谷川ビル1F,楽天,35.712599,139.700837,
ワイエス行政書士社労士事務所,東京都新宿区中井1-4-4 カーサ中井102,楽天,35.715449,139.685685,
わいんすたいる ぎんきょう,東京都新宿区新宿2-12-15 山原ハイツ702,楽天,35.690517,139.708066,
ワイン屋バール西新宿店,東京都新宿区西新宿7-20-16 ダイカンプラザシティー2,楽天,35.694538,139.696075,
ワイン厨房 晩酌邸,東京都新宿区新宿3-7-9 4階,楽天,35.690989,139.706417,
わせだ動物病院,東京都新宿区早稲田鶴巻町110,楽天,35.708277,139.723722,
ワトソン動物病院,東京都新宿区西早稲田1-11-8 1F,楽天,35.710962,139.722588,
ワンステップ新宿店,東京都新宿区新宿3-35-3 新宿君嶋ビル3階,楽天,35.689868,139.702761,
愛縁喜宴,東京都新宿区山吹町293番地 生島ビル1階,楽天,35.707177,139.731386,
愛国製茶本店,東京都新宿区西早稲田3-7-9,楽天,35.712774,139.714372,
旭屋出版,東京都新宿区愛住町23番地 2ベルックス新宿ビル2-6階,楽天,35.691706,139.719747,
安信旅行社,東京都新宿区新宿5-8-2 ニューライフ新宿403,楽天,35.691933,139.709048,
闇闇クラブ,東京都新宿区百人町1-24-8 タウンプラザビル2階,楽天,35.698662,139.697803,
杏林苑,東京都新宿区百人町1-11-25 ヴィラリナール302,楽天,35.700867,139.699787,
伊伊HOUSE西新宿,東京都新宿区西新宿4-34-21,楽天,35.686943,139.687701,
一瑳 新宿 NS ビル店,東京都新宿区西新宿241 新宿NSビル29F,楽天,35.688031,139.693395,
一酔万笑,東京都新宿区高田馬場 3-4-4 Y'Sプラザ4階,楽天,35.714423,139.702742,
一番飯店,東京都新宿区高田馬場4-28-18,楽天,35.712018,139.69904,
一蕃鶏 東京,東京都新宿区荒木町7番地,楽天,35.689241,139.722122,
一品香,東京都新宿区神楽坂3-3,楽天,35.701406,139.741342,
永仁堂薬局,東京都新宿区西新宿1-15-13 胖ビル5階,楽天,35.689301,139.697453,
越佐庵,東京都新宿区西新宿7-11-3 平田ビル1階,楽天,35.693688,139.697134,
炎雷堂,東京都新宿区歌舞伎町2-23-11 第二和幸ビル5階,楽天,35.695616,139.704333,
黄金屋 新宿店,東京都新宿区新宿3丁目28-15,楽天,35.690931,139.703221,
岡芳商店,東京都新宿区北新宿2-22-1,楽天,35.697057,139.687169,
沖繩パラダイス,東京都新宿区歌舞伎町1-2-16 3F,楽天,35.694857,35.694857,
音楽練習場オトレン,東京都新宿区新宿二丁目14番6号,楽天,35.690648,139.708781,
花かぐら,東京都新宿区神楽坂3-1,楽天,35.70215,139.740465,
解決型エステサロンWillB,東京都新宿区大久保1-15-18 みゆきビル1001,楽天,35.700982,139.703709,
海ぶね新宿パークタワー店,東京都新宿区西新宿3-7-1 新宿パークタワーB1F,楽天,35.685427,139.690839,
海栗屋 新宿,東京都新宿区新宿5-10-4,楽天,35.692127,139.708209,
海鮮宮,東京都新宿区大久保1-15-15 秋山ビル2階,楽天,35.701193,139.70743,
外濠接骨院,東京都新宿区市谷田町1-2 マツシタビル1F,楽天,35.692659,139.735219,
柿家鮨 四ツ谷店,東京都新宿区荒木町20 インテック88ビル,楽天,35.690812,139.722643,
角家,東京都新宿区高田馬場3-12-27,楽天,35.713642,139.70109,
楽堂整体院,東京都新宿区歌舞伎町1-18-10 吉川ビル3F,楽天,35.694533,139.701672,
割烹忠地,東京都新宿区中井1-3-7,楽天,35.714904,139.685485,
株式会社 雄誠堂,東京都新宿区新宿1-9-10 YKB東ビル1F,楽天,35.688537,139.712318,
株式会社CinqLiberte,東京都新宿区四谷3-12 ワイムビジネスプラザ四谷536,楽天,35.687543,139.719332,
株式会社M･R･S,東京都新宿区市谷台町6-3,楽天,35.69304,139.719371,
株式会社トランスミックス,東京都新宿区荒木町23 鈴商ビル2F,楽天,35.691856,139.722393,
株式会社藤田電機,東京都新宿区西早稲田1-5-3 グランド坂フジタ801,楽天,35.709623,139.716849,
甘露,東京都新宿区西早稲田3-14-11,楽天,35.710173,139.713608,
韓国家庭料理 黒豚,東京都新宿区歌舞伎町2-20-14 内田ビル2F,楽天,35.69766,139.704182,
丸三文庫,東京都新宿区西早稲田3-21-2 三楽ビル2階,楽天,35.711356,139.711153,
丸山太一写真事務所,東京都新宿区西早稲田2-3-22 第三山武ビル6F,楽天,35.708284,139.717056,
喜久屋クリーニング 牛込店,東京都新宿区南山伏町1-18 ハイホ－ム市ヶ谷101号,楽天,35.69932,139.73205,
喜久屋クリーニング 市谷柳町店,東京都新宿区原町1-2 フェリ－ス扇102,楽天,35.699825,139.725814,
喜久屋クリーニング 神楽坂店,東京都新宿区袋町23,楽天,35.700254,139.737349,
喜久屋クリーニング 納戸町店,東京都新宿区納戸町9 升本レジデンス102,楽天,35.697831,139.73416,
希の華,東京都新宿区四谷1-17-8 石川ビル1F,楽天,35.685933,139.727024,
季節料理 新宿なごみ,東京都新宿区歌舞伎町2-38-4 古屋ビル地下1階,楽天,35.696393,139.701899,
紀伊國屋書店 新宿本店,東京都新宿区新宿3丁目17-7,楽天,35.692245,139.702988,
紀州梅干 味覚庵,東京都新宿区中井1-4-12,楽天,35.715777,139.68622,
紀茂登,東京都新宿区東五軒町5-5,楽天,35.706567,139.739834,
喫茶タビビトの木,東京都新宿区西早稲田2丁目1番2号 ハイツ森川101,楽天,35.707668,139.717591,
宮わき,東京都新宿区荒木町9 正起ビル1階,楽天,35.689889,139.722091,
宮崎商会,東京都新宿区余丁町8-2 藤和シティーホームズ新宿余丁町1階,楽天,35.697395,139.713708,
牛込花政,東京都新宿区山吹町332,楽天,35.707628,139.73111,
居酒カラ,東京都新宿区歌舞伎町1-17-11 プレーンシティ新宿ビル6F,楽天,35.694179,139.701481,
居酒屋 LADY BUMP,東京都新宿区新宿二丁目11番7-204号,楽天,35.690419,139.707327,
居酒屋 おかげさま,東京都新宿区荒木町7-1 野崎ビル1F,楽天,35.688977,139.722125,
居酒屋 キャリフォルニア,東京都新宿区新宿3-28-16 コルネビル4F,楽天,35.690852,139.70323,
居酒屋ひろ,東京都新宿区西新宿4-16-1 西新宿カーネルビル102,楽天,35.689615,139.687418,
魚魚家,東京都新宿区歌舞伎町1-11-6 ロイヤル歌舞伎町第一ビル1F,楽天,35.6952,139.702816,
魚扇,東京都新宿区馬場下町9番地,楽天,35.705936,139.719541,
魚繁,東京都新宿区北新宿4-21-8,楽天,35.707427,139.691247,
京のおばんざい くらま,東京都新宿区南山伏町3-5,楽天,35.698955,139.729706,
協栄接骨院,東京都新宿区大久保1-6-11 規格ビル1階,楽天,35.700928,139.705729,
蕎楽亭もがみ,東京都新宿区中里町3 南雲荘1階,楽天,35.70553,139.731318,
近代インターナショナル,東京都新宿区高田馬場1-34-12 竹内ローリエビル,楽天,35.711997,139.70419,
金太郎 四谷店,東京都新宿区三栄町10-2 三栄星野ビル1F,楽天,35.688192,139.726257,
吟造,東京都新宿区北新宿1-3-17 パレスのはら103,楽天,35.698065,139.69611,
九州ミートＫ高田馬場店,東京都新宿区高田馬場2-14-6 スワンビルB1,楽天,35.712721,35.712721,
九州産地直送居酒屋 さくら 新宿三丁目店,東京都新宿区新宿3-6-9 山口ビル2F,楽天,35.691561,139.706045,
駒春,東京都新宿区四谷4-27-6 ラインビルド新宿御苑1F,楽天,35.688875,139.714967,
串三五八 神楽坂店,東京都新宿区神楽坂3-6-2 9MIビル1階,楽天,35.700914,139.74006,
串揚げ あげあげ 中井店,東京都新宿区上落合2-19-7 シャルムタナカ1階,楽天,35.714365,139.687073,
釧路 炉ばた 万年青,東京都新宿区神楽坂2-20 阿ら井ビル,楽天,35.700377,139.740355,
熊猫 Panda Bar,東京都新宿区新宿2-11-11 近藤ビル202,楽天,35.690275,139.707576,
憩い,東京都新宿区高田馬場2-14-4 八城ビル501,楽天,35.712585,139.706895,
鶏Dining&BarGoto,東京都新宿区西新宿7-4-5 富士野ビルB1,楽天,35.696045,139.698382,
鶏ジロー 目白店,東京都新宿区下落合3-19-1,楽天,35.722784,139.703663,
鶏善やじろべゑ,東京都新宿区歌舞伎町1-27-1 フィルドニアビル4階,楽天,35.695145,139.700729,
健楽整体院,東京都新宿区百人町2-21-3 2F,楽天,35.70187,139.697284,
犬のじどうかん POOCHPAL,東京都新宿区西落合4-9-12 U フラッツ1F,楽天,35.728786,139.678465,
元気まんぷく酒場うとっこ新宿東,東京都新宿区歌舞伎町1丁目6番地3 石塚ビル5階,楽天,35.693599,139.702436,
元気堂整体院,東京都新宿区新宿3-11-12 903,楽天,35.691716,139.70666,
原価酒 BAR NICO,東京都新宿区高田馬場2丁目14-7 泉和ビルB1F,楽天,35.712782,139.706482,
源記 大久保店,東京都新宿区百人町1-19-13 塚本ビル1F,楽天,35.701658,139.696197,
源整体院はりきゅう治療院,東京都新宿区新宿6-27-44 1階,楽天,35.697615,139.708742,
個室会席北大路 新宿茶寮,東京都新宿区西新宿2-6-1 新宿住友ビル51F,楽天,35.691213,139.692361,
個室中華 食べ放題 皇記 四ツ谷店,東京都新宿区四谷1-8-8 佐伯千成ビル2F,楽天,35.686552,139.728318,
個人溝口タクシー,東京都新宿区新宿2-14-3 大木ビル5F,楽天,35.69054,139.709094,
古武士新宿6丁目店,東京都新宿区新宿6-4-1 小山ビル1階,楽天,35.693412,139.710034,
御苑前せお,東京都新宿区新宿1-3-5 新進ビル1階,楽天,35.687927,139.711806,
江戸前炭火焼kemuri神楽坂,東京都新宿区若宮町10 プレール神楽坂B1,楽天,35.700739,139.73919,
江南亭,東京都新宿区四谷2丁目4-1 ルネ四谷ビルB1,楽天,35.6867,139.726446,
甲州屋,東京都新宿区神楽坂3-2,楽天,35.701717,139.740223,
甲斐国際行政書士事務所,東京都新宿区西新宿7-1-12 クロスオフィス新宿301号,楽天,35.694721,139.698993,
紅樽坊,東京都新宿区横寺町37番地,楽天,35.701187,139.736215,
行政書士法人フォワード,東京都新宿区西新宿7-1-7 新宿ダイカンプラザA館1123,楽天,35.69448,139.699089,
香港華記茶餐廳 新宿店,東京都新宿区市谷田町3-2,楽天,35.695828,139.738692,
高岡屋常川畳店,東京都新宿区四谷4-18-2,楽天,35.689253,139.716855,
高田馬場ビール工房,東京都新宿区高田馬場1-29-2 恒栄ビル,楽天,35.710267,139.703934,
合同会社第プロ,東京都新宿区神楽坂3-6-10 ヒルサイド神楽坂407,楽天,35.701341,139.740015,
克ッ 高田馬場,東京都新宿区高田馬場2-19-7 タックイレブン106,楽天,35.713939,139.70444,
黒船,東京都新宿区歌舞伎町2-11-11 K.Cビル4階,楽天,35.696309,139.70508,
今澤SHINJUKU,東京都新宿区新宿3-32-10 T&Tビル7階,楽天,35.690171,139.704167,
砂場,東京都新宿区早稲田鶴巻町543 NSビル1階,楽天,35.708049,139.727197,
坐もつ焼きいしん大ガード店,東京都新宿区西新宿1-3-13 i&kビル地下一階,楽天,35.69335,139.698131,
三間堂 新宿NSビル店,東京都新宿区西新宿241 新宿NSビル29F,楽天,35.688031,139.693395,
山西亭,東京都新宿区大久保2-6-10 B1,楽天,35.701645,139.707973,
讃岐のおうどん花は咲く若松河田,東京都新宿区余丁町9-7 シティーマンション新宿1F,楽天,35.698128,139.715725,
四ツ谷魚一商店,東京都新宿区四谷1-3 M&Mビル1･2階,楽天,35.68632,139.729176,
四ツ谷魚一商店三栄通り店,東京都新宿区四谷1-7 第三鹿倉ビル地下1階,楽天,35.686964,139.728524,
四川風中華料理 雅,東京都新宿区西新宿1-14-16 B1,楽天,35.689254,139.696724,
四谷 ブルズ亭,東京都新宿区四谷2-8-8 第5三和ビルB1,楽天,35.687052,139.725098,
四谷ゴルフ倶楽部,東京都新宿区四谷1-8-8 佐伯千成ビル3F,楽天,35.686552,139.728318,
四谷駅前治療院,東京都新宿区四谷一丁目3番11-3 M&Mビル7階,楽天,35.686312,139.729174,
四谷未確認スタジオ,東京都新宿区四谷4-13-1,楽天,35.688914,139.716957,
四谷琉球,東京都新宿区荒木町3番,楽天,35.688864,139.72261,
姉妹美容室,東京都新宿区新宿5丁目1-22,楽天,35.692031,139.712544,
枝魯枝魯神楽坂,東京都新宿区神楽坂5-30,楽天,35.701789,139.738506,
自分流鉄板焼てっしん,東京都新宿区新宿3-9-5 ゴールドビル3階A号,楽天,35.691339,139.706748,
芝大門 夏冬 新宿店,東京都新宿区歌舞伎町2-21-6 ハタノビル1F南,楽天,35.696477,139.703798,
写真工房エール,東京都新宿区新宿5-15-2 池与ビル305,楽天,35.693553,139.707109,
手品家 新宿店,東京都新宿区歌舞伎町1-14-4 川新ビル7階,楽天,35.694512,139.701988,
酒とおつまみ大ひら,東京都新宿区神楽坂3-2-6 神楽坂越後屋ビル2F,楽天,35.701504,139.740292,
酒や新宿,東京都新宿区百人町1-24-8 新宿タウンプラザ110,楽天,35.698662,139.697803,
酒屋ジェット,東京都新宿区歌舞伎町1-3-7 金嶋第1タワービル1階,楽天,35.694713,139.703702,
酒晴 歌舞伎町店,東京都新宿区歌舞伎町1-17-5 和田久ビル2F,楽天,35.694184,139.70127,
寿司割烹浜勢,東京都新宿区西新宿7-15-6 ksスクウエアー,楽天,35.695424,139.697157,
舟町 鮨 やました,東京都新宿区舟町8-3 新宿舟町ビル1階,楽天,35.690157,139.721378,
十文字,東京都新宿区西早稲田1-4-17,楽天,35.70949,139.716941,
出張マッサージHS,東京都新宿区西新宿7-1-8 ヒノデビル4階,楽天,35.694676,139.699009,
旬の魚うまい肴ととや,東京都新宿区市谷柳町25 F&SSビル,楽天,35.698888,139.726387,
旬彩,東京都新宿区歌舞伎町1-9-8 アサヒビル1階,楽天,35.694867,139.703472,
旬彩みやざき,東京都新宿区百人町1-9-14 沖ビル1階中央,楽天,35.699611,139.699931,
純米酒専門ＹＡＴＡ新宿三丁目,東京都新宿区新宿3-14-22 小川ビル10階,楽天,35.6923,139.705483,
匠の技,東京都新宿区大久保2-18-10 新宿スカイプラザ2F,楽天,35.701297,139.705369,
小顔痩身リラクゼーションルナ,東京都新宿区新宿5-17-6 新宿三光町ハイム1F,楽天,35.693036,139.705849,
小杉美食,東京都新宿区西新宿6-21-1 アイタウンプラザB107,楽天,35.693552,139.687745,
小川整骨院,東京都新宿区神楽坂5-30-2 イセヤビル3階,楽天,35.701926,139.738468,
庄司歯科医院,東京都新宿区高田馬場3-37-1 アルトビル201号,楽天,35.710086,139.694485,
昌平 新宿西口店,東京都新宿区西新宿7-12-4130,楽天,35.693555,139.696495,
焼鶏 うぐいす,東京都新宿区神楽坂4-3-11 つなしょうテラス3F,楽天,35.701978,139.740045,
焼鳥茜,東京都新宿区天神町68 滝沢ビル1F,楽天,35.705633,139.73075,
焼肉 IWA,東京都新宿区百人町2丁目8-13,楽天,35.703218,139.69983,
焼肉 清水苑,東京都新宿区舟町3番地,楽天,35.688957,139.721692,
焼肉 炭火亭,東京都新宿区神楽坂3-6 ニュージョウトーヤビル2F,楽天,35.701284,139.740224,
焼肉Bar うしクロ,東京都新宿区四谷坂町6-20 エスティメゾン四谷坂町一階,楽天,35.691273,139.725147,
焼肉おおにし 高田馬場店,東京都新宿区高田馬場4-8-7 いちかわ書店ビル2階,楽天,35.713667,139.703483,
焼肉しゃぶしゃぶ食べ放題まんぷくカルビ 新宿店,東京都新宿区歌舞伎町1-14-7 林ビル2F,楽天,35.694637,139.702145,
焼肉じょんじょん東新宿店,東京都新宿区大久保1-12-29,楽天,35.698641,139.703761,
焼肉だん,東京都新宿区歌舞伎町1-27-1 フィルドニアビルB1,楽天,35.695204,139.700664,
焼肉酒家 李苑,東京都新宿区新宿5-18-16 shinjuku51ビルB1Ｆ,楽天,35.694426,139.706504,
焼肉風風亭 西武新宿駅前店,東京都新宿区歌舞伎町1丁目26-6 7F,楽天,35.695041,139.700466,
笑う門には福来る整骨院整体院,東京都新宿区中落合1-7-5,楽天,35.716956,139.690364,
上島珈琲店 神楽坂店,東京都新宿区神楽坂3-2 木村屋ビル1F･2F,楽天,35.701317,139.740699,
場巣亭,東京都新宿区市谷左内町１ 山本ビル1F,楽天,35.692783,139.735029,
食事処安,東京都新宿区西新宿8-11-13 日東ビル101,楽天,35.695006,139.69257,
信州炉端焼と日本酒の店 串の蔵,東京都新宿区新宿3-34-16 池田プラザビルB1,楽天,35.690407,139.703046,
新宿 CHINA DOLL,東京都新宿区西新宿8-17-3 グランドタワー,楽天,35.693344,139.693686,
新宿 みやこんじょ,東京都新宿区歌舞伎町1-12-9,楽天,35.695382,139.70263,
新宿 牡蠣入レ時,東京都新宿区新宿4-2-8,楽天,35.68927,139.702743,
新宿 鉄板焼 ORCA(オルカ),東京都新宿区新宿3-12-11 石井ビルB1,楽天,35.691819,139.706196,
新宿こてがえし,東京都新宿区新宿3-21-9 新宿ダッキープラザビル3階,楽天,35.692935,139.702295,
新宿の花屋,東京都新宿区歌舞伎町2-6-6 第2レオ寿マンション1F,楽天,35.696255,139.705914,
新宿ますお,東京都新宿区歌舞伎町2-19-12 レジデンシャルステージヒガシシンジュクB1F,楽天,35.698013,139.704505,
新宿ワヰン酒場,東京都新宿区新宿4-2-9,楽天,35.689389,139.702742,
新宿栄章,東京都新宿区西新宿7-8-13 第二万寿金ビル1F,楽天,35.695505,139.698163,
新宿駅前メンタルクリニック,東京都新宿区西新宿1-18-5 中沖ビル8階,楽天,35.688779,139.698468,
新宿加藤鍼灸院･整骨院,東京都新宿区西新宿8-5-3 渡邊ビル5階,楽天,35.694689,139.692717,
新宿花千,東京都新宿区新宿2-15-27,楽天,35.690808,139.709911,
新宿丸港水産,東京都新宿区新宿3-12-12 吉田ビル1階,楽天,35.691709,139.706147,
新宿駆け込み餃子店,東京都新宿区歌舞伎町1-12-2 第58東京ビル1階･2階,楽天,35.694793,139.702409,
新宿御苑工房,東京都新宿区新宿1-10-2 黒新ビル1F,楽天,35.688122,139.713816,
新宿三丁目ふじ屋,東京都新宿区新宿3丁目12-4 永谷タウンプラザ101,楽天,35.691998,139.706142,
新宿三丁目ふじ屋 地下,東京都新宿区新宿3-10-7 鳥松ビル地下1階,楽天,35.691413,139.706476,
新宿自動車学校,東京都新宿区山吹町263番地 ライオンズマンション山吹町106号,楽天,35.707858,139.731459,
新宿食肉センター極,東京都新宿区歌舞伎町2-10-5 1F,楽天,35.695199,139.704541,
新宿整骨院,東京都新宿区西新宿1-14-17,楽天,35.689273,139.696848,
新宿西口カイロプラクティック,東京都新宿区西新宿1丁目18番17号 ラウンドクロス西新宿9階,楽天,35.689015,139.698603,
新大久保CLUB Voice,東京都新宿区百人町1-10-7 一番街ビル地下一階,楽天,35.700356,139.699958,
森の風,東京都新宿区早稲田鶴巻516 早稲田キャンパス26号館15F,楽天,35.708355,139.721398,
深山会クリニック,東京都新宿区新宿3-11-11 ダイアン新宿ビル9階,楽天,35.691823,139.706702,
神楽坂 かねいち,東京都新宿区神楽坂3丁目1番地50 クレール神楽坂3-2階,楽天,35.701718,139.741076,
神楽坂 けん,東京都新宿区神楽坂3-10,楽天,35.700637,139.740688,
神楽坂 レンタルスペース香音里,東京都新宿区天神町17,楽天,35.70474,139.732087,
神楽坂 山せみ,東京都新宿区神楽坂5-31,楽天,35.701878,139.73865,
神楽坂 木瓜の花,東京都新宿区神楽坂4-8 神楽坂プラザビルB1,楽天,35.702598,139.739638,
神楽坂KIMURAYA,東京都新宿区神楽坂6丁目50番地,楽天,35.703185,139.736404,
神楽坂イタリアン,東京都新宿区横寺町68 唐沢ビル1F,楽天,35.701275,139.736508,
神楽坂スタジオーネ,東京都新宿区神楽坂3-1 クレール神楽坂3-5F,楽天,35.701742,139.741161,
神楽坂ワイン酒場,東京都新宿区神楽坂4-2-1 嶋田ビルB1･1F,楽天,35.701783,139.739481,
神楽坂横内,東京都新宿区神楽坂4-8 神楽坂AGEビル2階,楽天,35.702738,139.739951,
神戸牛すき焼きしゃぶしゃぶ 三是 新宿本店,東京都新宿区西新宿1-13-8 朝日新宿ビルB1,楽天,35.689557,139.69661,
辛ちゃん,東京都新宿区大久保1-1-9 新宿フラワーハイホーム102号,楽天,35.698456,139.705913,
仁川家,東京都新宿区大久保2-31-18,楽天,35.70153,139.703529,
酔床 梵天,東京都新宿区高田馬場1-31-8 ダイカンプラザ1階,楽天,35.710092,139.703175,
世界のワインとキッチンアボカド,東京都新宿区新宿3-9-4 増蔵ビル4F,楽天,35.691222,139.706698,
整骨院じゃむ,東京都新宿区改代町33-17 第2NHビル3階,楽天,35.707814,139.734922,
整体＆腸もみ「すっきリンパ」,東京都新宿区高田馬場4-13-12 東海林ビル3E号室,楽天,35.712823,139.700985,
星の下の施術店,東京都新宿区西新宿7-1-8 ヒノデビル4階,楽天,35.694666,139.699087,
星の下の施術店ＬＯＵＮＧＥ,東京都新宿区西新宿7-10-20 ワセダSTビル7階,楽天,35.694277,139.69871,
星明りの談話室,東京都新宿区歌舞伎町2-23-12 チェックメイトビル5F-D,楽天,35.696334,139.703561,
晴れる屋 ＴＣ 東京,東京都新宿区高田馬場3-12-2 OCビル2F,楽天,35.713364,139.701198,
晴れる屋ブース,東京都新宿区高田馬場3-12-2 高田馬場OCビル地下2階,楽天,36.713364,140.701198,
棲家,東京都新宿区新宿3-6-7 第6三和ビル4階,楽天,35.691449,139.70584,
生サムギョプサル食べ放題×焼肉 招待～チョデ～ 新宿店,東京都新宿区新宿3-23-5 新東ビルB1･B2,楽天,35.69313,139.70057,
西新宿ふじ屋,東京都新宿区西新宿7-19-18 セードル新宿ハイツ102号,楽天,35.695137,139.696455,
西早稲田みやぎ整骨院,東京都新宿区西早稲田2-10-22 クレッシェント西早稲田1F,楽天,35.709608,139.714427,
誠 新宿店,東京都新宿区西新宿7-11-15,楽天,35.694189,139.697842,
舌鼓,東京都新宿区大久保1丁目1番2号 泰正ビル地下1F,楽天,35.698211,139.706978,
千酉足,東京都新宿区新宿3-20-6 FSビル8F,楽天,35.692948,139.702967,
川崎屋 本部用,東京都新宿区西新宿1-2-8,楽天,35.692743,139.699443,
川畑鍼灸マッサージ治療院,東京都新宿区新宿5-8-23 ASPガーデン新宿502,楽天,35.692344,139.709173,
荘園,東京都新宿区新宿2-12-9,楽天,35.690732,139.707409,
蒼穹舎,東京都新宿区新宿1-3-5 新進ビル302,楽天,35.687927,139.711806,
足つぼ屋 ＰＥＲＩＤＯＴ,東京都新宿区新宿6-10-5 アクトレジデンス新宿第2-101号室,楽天,35.69381,139.708138,
太極整体,東京都新宿区信濃町34 トーシン信濃町駅前ビル308,楽天,35.680718,139.719675,
台湾餃子店 曙橋店,東京都新宿区住吉町3番11号,楽天,35.691889,139.71907,
大久保通り接骨院,東京都新宿区北新宿3-8-4,楽天,35.702487,139.692363,
大阪家,東京都新宿区歌舞伎町1-17-12 浅川ビル地下1F,楽天,35.694099,139.701451,
大阪焼肉･ホルモン ふたご高田馬場店,東京都新宿区高田馬場3-2-15 第26東京ビル1F,楽天,35.714194,139.703498,
大阪焼肉･ホルモン ふたご新宿西口店,東京都新宿区西新宿1-14-5 浅田ビル2F,楽天,35.688676,139.696859,
大阪焼肉･ホルモン ふたご西新宿7丁目店,東京都新宿区西新宿7-10-14 富士山ビル2F,楽天,35.694416,139.698416,
大衆居酒屋 大ちゃん,東京都新宿区高田馬場3-1-3 B1,楽天,35.714289,139.703744,
大衆焼肉ホルモン李苑歌舞伎町店,東京都新宿区歌舞伎町1-12-1 KTビル1F,楽天,35.694798,139.702471,
宅配弁当京香 四谷店,東京都新宿区愛住町13-1,楽天,35.691032,139.718443,
炭火焼呑み処 松しま,東京都新宿区新宿2丁目3-8-1 2階,楽天,35.689312,139.707543,
炭火焼肉 四ッ谷 きらく亭,東京都新宿区四谷1-3 三陽ビル1階,楽天,35.686206,139.729103,
炭火焼肉忠吉,東京都新宿区西新宿5-8-1 第一ともえビル103,楽天,35.691815,139.68675,
炭焼き牛タン酒場 ウシカイ 飯,東京都新宿区揚場町2-27 MIT飯田橋ビル3F,楽天,35.702335,139.743259,
地球を旅するCAFE,東京都新宿区高田馬場2-12-5 プレビル1F,楽天,35.713225,139.707528,
地鶏焼とりや新宿総本店,東京都新宿区西新宿3-7-27 セントヒルズ西新宿B1,楽天,35.684929,139.690391,
地鶏焼物処そしてはなまる,東京都新宿区新宿3-14-22 小川ビル地下一階,楽天,35.6923,139.705483,
地蔵通り薬局,東京都新宿区水道町2-1 ブライズ神楽坂DUE102号室,楽天,35.707555,139.736543,
地中海バル KOTETSU,東京都新宿区西新宿7-16-4 コンシェルジュ高橋2F,楽天,35.695949,139.69734,
茶葉茶本舗,東京都新宿区西新宿7-16-7 西新宿第一手塚ビル2階,楽天,35.696229,139.697569,
中華料理 萬達,東京都新宿区市谷本村町3番20号 新盛堂ビル,楽天,35.690884,139.731203,
中国料理 古月 新宿,東京都新宿区新宿1-5-5 御苑フラトー2F,楽天,35.688045,139.710856,
中国料理 琥珀,東京都新宿区高田馬場3-13-3 高田馬場ファミリービル102,楽天,35.712474,139.699525,
酎ばっか 高田馬場店,東京都新宿区高田馬場2-15-9 鈴や第五ビル201,楽天,35.713483,139.706229,
頂マーラータン 新大久保店,東京都新宿区百人町2-6-2 シルバープラザ101,楽天,35.703609,139.700162,
鳥籠,東京都新宿区歌舞伎町1-3-13 第五金嶋ビル1F,楽天,35.694748,139.704042,
蔦の家,東京都新宿区四谷4-3-2 中川ビル1F,楽天,35.687965,139.717371,
鶴兆新宿四谷店,東京都新宿区愛住町5-26 アムス四谷三丁目2階,楽天,35.688744,139.720106,
鉄板Diner JAKEN 新宿店,東京都新宿区新宿3-9-9 新宿ワタセイ･タマビルB1,楽天,35.691217,139.706794,
鉄板ダイニング莢,東京都新宿区内藤町1-7,楽天,35.684595,139.715771,
鉄板居酒屋 春海,東京都新宿区中井1-3-8,楽天,35.714895,139.685338,
鉄板焼 向日葵,東京都新宿区神楽坂3-6-40 かぐらビル3階,楽天,35.700965,139.739514,
鉄板焼･お好み焼 莢,東京都新宿区内藤町1-7 101,楽天,35.684711,139.715764,
鉄板焼･ステーキTarond,東京都新宿区神楽坂4-5,楽天,35.702313,139.74027,
鉄板焼さくら,東京都新宿区西早稲田3-29-7,楽天,35.712385,139.71046,
鉄板焼と焼酎のお店 ウシカイ,東京都新宿区四谷2-2 第22相信ビル4F,楽天,35.68702,139.726932,
鉄板食酒りき,東京都新宿区高田馬場3-24-3 足立ビル1F,楽天,35.711756,139.69699,
天月株式会社,東京都新宿区新宿5-18-11 タナカビル302,楽天,35.694641,139.706273,
天天飯店,東京都新宿区高田馬場2-16-5 大吉ビル1F,楽天,35.713728,139.705322,
田中屋,東京都新宿区舟町12-33 グレイス四谷102,楽天,35.69153,139.721673,
唐苑酒楼,東京都新宿区歌舞伎町1-22-3,楽天,35.694773,139.700809,
唐朝刀削麺 西新宿店,東京都新宿区西新宿2-3-1 新宿モノリス1F,楽天,35.688632,139.69463,
東京ショールーム,東京都新宿区市谷本村町2番11号 外濠スカイビル5階,楽天,35.690205,139.731341,
東京すしアカデミー 西新宿,東京都新宿区西新宿8-2-5,楽天,35.695175,139.694101,
東京ミステリーサーカス,東京都新宿区歌舞伎町1-27-5 APMビル,楽天,35.69532,139.700658,
東京閣,東京都新宿区市谷本村町4-1 ホテルグランドヒル市ヶ谷西館B1,楽天,35.691951,139.733136,
東京漢方堂,東京都新宿区四谷三丁目6番地3 アスナロビル1階,楽天,35.688304,139.721564,
東京堂シャツ,東京都新宿区西早稲田3-15-5 K2ビル2F,楽天,35.710656,139.712559,
東京堂目白店,東京都新宿区中落合3-27-3,楽天,35.721502,139.685963,
東寿司,東京都新宿区早稲田鶴巻町111,楽天,35.708371,139.723187,
東明写真,東京都新宿区高田馬場3-33-2,楽天,35.711541,139.696462,
桃太郎,東京都新宿区荒木町2,楽天,35.688862,139.722443,
豚○商店 AISHI(とんまるしょうてん あいし) 新宿総本店,東京都新宿区新宿3-11-9 花菱ビルB1,楽天,35.691978,139.706575,
呑みや ふるさと,東京都新宿区西新宿7-13-5 SAビル,楽天,35.694572,139.696527,
呑み処よいよい四ッ谷店,東京都新宿区四谷1-7-18 アクトワールドビルB1,楽天,35.686575,139.728946,
南国酒場,東京都新宿区若松町29-7 オーシャンプラザビル2階,楽天,35.700612,139.71916,
肉屋の台所 新宿店,東京都新宿区歌舞伎町1-6-14 第2ショーリビル2F,楽天,35.69371,139.702778,
肉学肉寿司神楽坂毘沙門店,東京都新宿区袋町1番地栗原ビル1階,楽天,35.701663,139.738736,
肉汁水餃子 餃包 新宿店,東京都新宿区新宿3-35-13 裕永ビル3F,楽天,35.690135,139.702608,
肉鮮問屋「25-89」,東京都新宿区西新宿7-10-13 ガイアビル3-1F,楽天,35.694374,139.698329,
肉亭ふたご新宿店,東京都新宿区歌舞伎町1-18-9 WaMall歌舞伎町10F,楽天,35.694633,139.701648,
日乃屋カレー 小滝橋通り店,東京都新宿区西新宿7-9-15 新宿ダイカンプラザビジネス清田ビル1階,楽天,35.694708,139.698321,
日本鮮魚甲殻類同好会,東京都新宿区歌舞伎町1-22-3,楽天,35.694775,139.700916,
日本男児,東京都新宿区新宿2-11-2 カーサヴェルデ1階,楽天,35.690113,139.707672,
日本美容専門学校2号館,東京都新宿区高田馬場1-20-2,楽天,35.709077,139.705198,
日本美容専門学校5号館,東京都新宿区高田馬場1-10-34,楽天,35.709439,139.708627,
日本美容専門学校本館,東京都新宿区高田馬場1-21-12,楽天,35.709634,139.704108,
日本料理たちばな,東京都新宿区荒木町3-19 桑沢四谷ビル102,楽天,35.688471,139.722578,
巴,東京都新宿区歌舞伎町1-2-7 星座館8階,楽天,35.694056,139.704127,
梅香苑,東京都新宿区若松町11番3号,楽天,35.699279,139.717506,
買取小町,東京都新宿区新宿5-16-5 ダイタンビル3F,楽天,35.692612,139.706094,
白雪鮨,東京都新宿区中落合1-13-5,楽天,35.715995,139.688653,
髪ポライト,東京都新宿区下落合1-16-7 松田ビル1F,楽天,35.716151,139.694672,
美容室 プラバー,東京都新宿区中落合1-17-13,楽天,35.715459,139.688626,
富士屋商店,東京都新宿区西新宿6-17-10,楽天,35.692114,139.687213,
富士薬局,東京都新宿区下落合3-21-1,楽天,35.722658,139.701809,
富足,東京都新宿区西新宿7-2-4 新宿MSビル2F,楽天,35.695212,139.698853,
葡萄酒 武田 Ｂａｒ,東京都新宿区高田馬場2-15-9 鈴や第五ビル401,楽天,35.713483,139.706229,
風の蔵,東京都新宿区歌舞伎町2-18-9,楽天,35.697387,139.705347,
福園 新宿フロントタワー店,東京都新宿区北新宿2-21-1 新宿フロントタワー2F,楽天,35.696108,139.68936,
穂花,東京都新宿区原町1-49,楽天,35.70025,139.725702,
蓬,東京都新宿区歌舞伎町1-12-3 MONビル5F,楽天,35.694877,139.702394,
北海食堂 土木土木,東京都新宿区百人町1-23-17 大久保共同ビル1F,楽天,35.700074,139.697549,
麻辣ＴＡＮ,東京都新宿区大久保1-3-22 ヴァンヴェール新宿107,楽天,35.699927,139.70757,
鮪鰹鮭や,東京都新宿区西新宿7-11-2 ASP西新宿ビル2F,楽天,35.693656,139.697258,
万葉烏梅染しぎや,東京都新宿区上落合2-10-11 ヴィラフォンテ1階101号,楽天,35.713239,139.689899,
味彩吉野,東京都新宿区新宿5-10-4 102,楽天,35.692086,139.708237,
民俗酒家 農楽,東京都新宿区下宮比町2-7 西欧ビル1階,楽天,35.703272,139.743557,
眠れるほぐし処うたたね,東京都新宿区神楽坂3-2-12 摩耶ビル7F,楽天,35.701412,139.740546,
夢を叶えるみんなのエステ,東京都新宿区高田馬場2-19-7 タックイレブン高田馬場910,楽天,35.713914,139.704462,
夢乃,東京都新宿区西新宿6-2-3 新宿アイランドアネックス106,楽天,35.693642,139.694153,
麺屋きよし,東京都新宿区山吹町263-2 ライオンズマンション103,楽天,35.707793,139.731586,
木のおもちゃ積み木の森,東京都新宿区早稲田鶴巻町547 グランステージ早稲田1階,楽天,35.70699,139.726177,
木ノ花,東京都新宿区袋町25-46 タンテ神楽坂102,楽天,35.699843,139.738483,
木挽町大野,東京都新宿区四谷3-6-5 大野ビル1階,楽天,35.688419,139.721517,
目白のえほんやにこにこ書店,東京都新宿区下落合4-26-13,楽天,35.722194,139.694999,
夜咄sahan,東京都新宿区上落合2-23-11,楽天,35.712812,139.686329,
弥兵衛,東京都新宿区新宿3-8-5,楽天,35.69094,139.70655,
薬局ラクトファーマシー,東京都新宿区納戸町13,楽天,35.698467,139.734037,
油そば 力,東京都新宿区高田馬場3-12-1 久松ビルB1F･1F,楽天,35.7134,139.701458,
悠然,東京都新宿区荒木町16 ベルウッドビル1F,楽天,35.691716,139.724177,
有限会社 青木タイヤ,東京都新宿区早稲田鶴巻町546番地,楽天,35.706953,139.727188,
有限会社 平井碁盤店,東京都新宿区山吹町366-1 101,楽天,35.70909,139.731302,
有限会社ノングインレイ,東京都新宿区高田馬場2-19-7 TAK11ビル1F,楽天,35.713902,139.704435,
有限会社プロフローラ,東京都新宿区富久町13-14,楽天,35.691643,139.714893,
有限会社ユカインターナショナル,東京都新宿区四谷3-1-4 斉藤ビル1階,楽天,35.727956,139.607697,
遊食彩旬 乃'SAN,東京都新宿区西落合2-11-3,楽天,35.721528,139.677497,
溶岩焼 薩摩屋 新宿店,東京都新宿区新宿5-11-13,楽天,35.693335,139.707131,
溶岩焼肉ダイニングbonbori 新宿店,東京都新宿区西新宿1-14-16 114ビル2階,楽天,35.689263,139.696726,
落合中央接骨院･鍼灸院,東京都新宿区上落合3-8-23,楽天,35.711212,139.684736,
李太郎,東京都新宿区大久保1-16-29 巨山ビル,楽天,35.699491,139.702845,
龍月園,東京都新宿区四谷1-20,楽天,35.687075,139.728232,
龍源餃子,東京都新宿区新宿5-10-4,楽天,35.692127,139.708244,
鈴木法務事務所,東京都新宿区西新宿7-1-7 1004,楽天,35.694519,139.699069,
鈴薬局 市ヶ谷店,東京都新宿区市谷田町2-31-2 オトナリＡSUKARAビル1階,楽天,35.695174,139.737068,
老四川麺館金満軒高田馬場店,東京都新宿区高田馬場4-12-8 村山ビル1階,楽天,35.71325,139.70164,
和楽,東京都新宿区四谷三丁目7番地,楽天,35.686007,139.727012,
和食日和 おさけと 神楽坂,東京都新宿区神楽坂6-8 1階2階,楽天,35.702732,139.737933,
珈琲アリヤ,東京都新宿区新宿3-1-17 山本ビル地下1階,楽天,35.690458,139.704847,
琥珀,東京都新宿区歌舞伎町1-1-6 新宿ゴールデン街花園五番街,楽天,35.694112,139.704761,
眞一館新宿本店,東京都新宿区歌舞伎町2-28-13,楽天,35.696521,139.703585,
鍼灸整体和-nagomi-,東京都新宿区新宿1-5-13 溝呂木第1ビル503,楽天,35.688001,139.71153,
鍼治療院 鍼摩屋,東京都新宿区西新宿8-12-1 サンパレス新宿802,楽天,35.695015,139.692019,
餃子酒場 四谷本店,東京都新宿区四谷1-19 中沢ビルB1･1F,楽天,35.686811,139.727802,
鮨 松もと,東京都新宿区津久戸町4-1,楽天,35.702861,139.740004,
鮨金,東京都新宿区中落合3-4-12 日神デュオステージ新宿中落合105,楽天,35.722612,139.690504,
鮨処八千代 牛込店,東京都新宿区市谷柳町24-1-2,楽天,35.698529,139.726147,
鮨処八千代 四谷総本店,東京都新宿区荒木町1番地,楽天,35.688698,139.722079,
